1093	"أصحاب المهن اللي فيها خطورة عالية، زي شغل المنجم أو الكيماويات، ليهم كام يوم راحة زيادة عن غيرهم؟ (استخدام ""أصحاب المهن"" و ""راحة"" بدلاً من ""عمال"" و ""أجازة"")"
1621	فيه قانون بينظم مواعيد التفتيش على السلامة؟ يعني التفتيش ده بيتعمل كل فترة زمنية معينة؟ الفترة دي أد إيه؟ (تركيز على وجود قانون ينظم المواعيد)
1762	هل فيه مسؤولية قانونية على صاحب الشغل إنه يضمن بيئة عمل آمنة وخالية من التحرش لكل العاملين عنده؟ (هذا السؤال يركز على المسؤولية القانونية لصاحب العمل وتوفير بيئة عمل آمنة)
1633	هل القانون بيسمح لصاحب الشغل إنه يعاقب الموظف اللي رفع شكوى بسبب معاملة سيئة؟ ولا في حماية قانونية للضحية في الحالة دي؟
1683	"هو مرتبنا بيتخصم منه عشان المعاش ولا لأ؟ ولو بيتخصم، مين اللي هياخد المعاش ده بعد ما نتقاعد؟ (صياغة مباشرة باستخدام ""هو"" و ""ولا لأ""، وتركيز على عملية الخصم نفسها)"
1738	فيه إلزام بوجود حد زي طبيب الشركة أو مسعف جوه المنشأة ولا لأ؟
1842	"طب لو الحد الأدنى للأجور زاد ست تلاف وسبع تلاف جنيه، إشمعنى الشركات دي لسه ماشية على نفس النظام؟ (تركيز على ""إشمعنى"" لإبراز الاستغراب)"
1330	مين اللي ماسك حسابات المرتبات وبيصرفها لينا، وياخد باله من قصة الضرايب والتأمين دي؟
1314	يعني أقصى مبلغ ممكن يتخصم من مرتبي كام، شامل بقى سُلف أو أقساط أو أي حاجة تانية؟
1495	"لو حد استقال غصب عنه، يقدر يسحب الاستقالة دي تاني؟ ولا القانون بيحكم إن خلاص الاستقالة اتقبلت ومفيش كلام تاني؟ (تستبدل ""ضغوط"" بـ ""غصب عنه"" وتوضح فكرة ""السحب"")"
1473	إيه وضع العامل اللي بيجمع بين المعاش والشغل؟ وهل الموضوع ده سهل ولا فيه تعقيدات؟ (تركيز على الوضع القانوني والتعقيدات المحتملة)
1302	بالبلدي كده، الزيادة السنوية الـ 3% بتتحسب على المرتب الأساسي ولا المرتب اللي بنأمن بيه؟ (تركيز على التعبير العامي والوضوح)
1029	إيه المدة القانونية اللي المفروض ناخدها كاستراحة غداء في اليوم الواحد؟
1801	"اللي عمرهم أقل من 18 سنة، مسموح يشتغلوا أي عدد ساعات في النهار ولا فيه ضوابط؟ (إضافة خيار ""أي عدد ساعات"" وتغيير في الصياغة)"
1456	بصراحة، هل فيه أي طريقة تخلي الواحد هو اللي يحدد ميعاد خروجه من الشغل للمعاش بإرادته؟ ويا ترى الطريقة دي عبارة عن إيه؟
1175	لو عامل خالط مريض معدٍ، ينفع ياخد إجازة حجر صحي كام شهر؟
1444	أنا عندي واحد شغال في شركة خاصة، وقرب على سن الستين. عاوز أعرف، بعد كده هيقبض إيه؟ هل فيه معاش من الشركة نفسها، ولا كل حاجة بتروح للتأمين؟
1896	يعني القانون الجديد بيقول إن الراجل والست اللي بيشتغلوا نفس الشغلانة هياخدوا نفس المرتب بالظبط؟ (تغيير كبير في التركيب واستخدام كلمات عامية أكثر)
1492	لو شركة فصلت موظف من غير أي سبب مقنع، ده يعتبر مخالفة للقانون؟ القانون بيحمي الناس من الفصل اللي بدون حق ده ولا لأ؟
1201	طيب، لو اشتغلت في مناسبة رسمية زي شم النسيم، هيتحسب لي كام زيادة على المرتب الأساسي؟
1334	لو صاحب الشغل معطلش المرتب في الميعاد المتفق عليه، القانون بيقول إيه حقوقي؟
1403	الاشتراكات: بتتقسم كام للعامل وكام لصاحب العمل؟
1549	شغل الست الحامل بعد مواعيد العمل الرسمية أو بأجر إضافي، مسموح بيه ولا مخالف للقانون؟ (تغيير في التركيز على نوع العمل)
1565	بعد الولادة لو رجعت شغلها بسرعة القانون بيدّي الحق الواقع الوظيفي يضمن كده؟
1854	يعني لو الإدارة مصممة متديش علاوة، كده يبقى الموضوع مخالفة قانونية ولا مجرد قرار من عندهم؟
1623	التفتيشات اللي بتتعمل عشان نتأكد من السلامة، ليها جدول زمني محدد في القانون؟ يعني بيفتشوا كل كام شهر أو سنة؟ (تحديد أكثر للفترة الزمنية المحتملة)
1402	بالبلدي كده، صاحب الشغل لازم يشترك للموظف بتاعه في التأمينات من أول يوم في الشغل، ولا الموضوع فيه كلام تاني؟
1509	هل في إجراءات معينة لازم أعملها قبل ما أقول إني رجعت في كلامي عن الاستقالة؟ وياترى القانون بيسمحلي أرجع في الاستقالة دي لحد مدة قد إيه؟ (هذا السؤال يركز على الإجراءات المطلوبة ويسأل عن المدة التي يسمح بها القانون).
1533	لما موظف يستقيل، محكمة القضاء الإداري بتشتغل بإيه؟ إيه القانون اللي بيطبقوه على موضوع الاستقالة ده تحديدًا؟ (يركز على القانون المحدد الذي يتم تطبيقه)
1407	عايزين نعرف بالتفصيل، لما بندفع اشتراكات، نصيب العامل منها بيبقى كام بالظبط ونصيب صاحب العمل كام؟
1294	أعلى قيمة وصل ليها الحد الأدنى للأجور في القطاع الخاص كانت كام جنيه، وده كان امتى؟
1291	آخر قرار بخصوص الحد الأدنى للمرتبات في شغل القطاع الخاص كان كام؟
1037	الراحة الأسبوعية كام ساعة بعد 6 أيام شغل متصلة؟
1608	"لو حصلت خبطة أو حد اتعور، اللوم يقع على مين؟ (تستخدم كلمة ""خبطة"" للإشارة إلى الحادث، وتستبدل ""المسؤولية"" بـ ""اللوم"")"
1824	ضروري يكون معاك مؤهل تعليمي قبل ما تكمل 15 سنة؟ (تركز على فكرة المؤهل التعليمي كشرط ضروري)
1808	لو مينفعش نِشَغَّل الأطفال الصغيرين بالليل ولا في شغل خطر، يبقى القانون بتاع الشغل بيقول إيه بالظبط؟
1852	"""يعني، هل فيه حاجة في القانون تدينا الحق في زيادة المرتب بشكل دوري، وتقريبا تكون بنفس قيمة الـ 3% اللي اتقررت قبل كده؟"" (هذا السؤال يسأل عن الحق القانوني في الزيادة الدورية وبقيمة مماثلة)."
1230	لو العقد اللي ليه مدة معينة انتهى والشغل استمر عادي، كده العقد يبقى مفتوح على طول ولا إيه؟ (تغيير في التعبير عن الاستمرار والتلقائية)
1724	"لو حصل فصل تعسفي، إزاي الواحد يقدر يستفيد من محكمة العمل الجديدة دي؟ وهل ممكن أقدم شكوى على طول ولا لازم أعدّي على جهة تانية الأول؟ (تستخدم مصطلح ""فصل تعسفي"" و تركز على وجود جهة وسيطة قبل المحكمة)"
1017	مسموح لينا نشتغل كام ساعة في الأسبوع بالكتير من غير مخالفة للقانون؟
1472	هل فيه أي قيود على العامل اللي بيقبض معاش إنه يشتغل تاني؟ ولو اشتغل، إيه التحديات اللي ممكن تقابله؟ (تركيز على القيود والتحديات المحددة)
1385	لو وافقت على خصم معين في العقد، يفرق قانونًا عن حد الخصم القانوني؟
1149	بعد مرور قد إيه من الحمل، الست العاملة ممكن تطلب تقليل ساعات العمل بتاعتها؟
1558	إيه اللي بينص عليه قانون العمل بخصوص عدد ساعات عمل الأم المرضعة في اليوم، وعدد مرات الرضاعة المسموح بيها خلال الدوام؟
1194	يعني، كام يوم في السنة بناخدهم إجازة رسمية بمرتب؟
1050	ينفعوا يعوّضوا شغل الأحد بإيجار الأسبوع؟ يعني القانون سامح بكده ولا إيه النظام بالظبط؟
1698	لو سبت الشغل، لازم ختم أو موافقة من مكتب العمل عشان الاستقالة تبقى تمام؟ (تركيز على الموافقة الرسمية)
1642	"يا جدعان، هو القانون بيجبر صاحب أي مصلحة إنه يشوف سجلات الموظفين اللي عنده في الشرطة، عشان يتأكد إنهم مش خطر على باقي الناس؟ (تغيير في الكلمات واللهجة مع التركيز على ""الخطر على باقي الناس"")."
1447	لو واحد اتقاعد وبعدين اشتغل في مكان تاني مش بيدفع تأمينات، إيه النظام بتاعه؟
1397	لازم صاحب العمل يشترك في التأمين الاجتماعي من أول يوم عمل؟
1319	هل مسموح يخصم أكثر من ربع المرتب؟
1504	"إيه السبب في إننا بنستخدم كلمتين مختلفتين زي ""الاستقالة"" و""إنهاء الخدمة"" لما حد بيسيب الشغل؟ وإزاي القانون بيتعامل مع كل واحدة فيهم؟ وهل الموظف دايمًا بيكون عنده حرية الاختيار بين الطريقتين؟ (هذا السؤال يركز على سبب استخدام كلمتين مختلفتين، وكيف يتعامل القانون مع كل منهما، وما إذا كان الموظف لديه دائمًا حرية الاختيار.)"
1312	يعني، هل لما بييجوا يحسبوا التأمينات الاجتماعية، بيبصوا على المرتب بتاعي شامل العلاوات والحوافز ولا بيعتبروا المرتب الأساسي بس هو الأساس؟
1242	يعني العقد لازم يبقى عربي بس، حتى لو الشركة اللي طرف فيه مش مصرية؟ ولا ممكن يكون بلغتهم برضه؟
1486	امتى بالظبط يقدر صاحب الشغل يستغنى عن خدمات العامل؟ وهل القانون بيفرض وجود قرار من المحكمة علشان الفصل ده يكون سليم؟
1273	لو العقد فيه فترة اختبار، العامل يقدر يقول خلاص مش مكمل الفترة دي ويمشي ولا قانونًا مينفعش؟
1849	"""طيب، هو القانون بيسمح أو بيوجب إن المرتبات تزيد بنسبة ثابتة كل سنة، زي ما شفنا في قضية الـ 3% دي ولا لأ؟"" (هذا السؤال يسأل عما إذا كان القانون يسمح أو يوجب الزيادة)."
1309	هل المكافآت والتشجيعات اللي باخدها في الشغل بتدخل في المبلغ اللي بيتاخد منه فلوس التأمين؟
1405	بالنسبة للاشتراكات، العامل بيتحمل جزء أد إيه منها وصاحب العمل بيتحمل الجزء الباقي؟ عايزين نعرف توزيع المساهمات بالضبط.
1488	يعني مينفعش صاحب الشغل يمشي الموظف طوالي كده بدون وجه حق؟ هو القانون بيحمي الواحد من الفصل اللي زي ده؟
1562	بالنسبة للموظفة اللي بترضع، ساعات الرضاعة دي من ضمن ساعات عملها الأساسية ولا لأ؟
1811	لو طالب في المدرسة عايز يشتغل جزئي، الشروط إيه؟
1718	أنا استقلت من شغلي بالاتفاق مع الشركة، بس عايز أفهم: هل ليا أي مستحقات قانونية أو مكافأة نهاية خدمة ولا خلاص كده؟ القانون بيحمي حقوقي إزاي في الحالة دي؟ (تعبير عن القلق بشأن الحقوق)
1199	لو اشتغلت يوم أجازة رسمية (عيد أو شم النسيم)، هاخد تعويض كام؟
1794	بالنسبة لواحد عنده 14 سنة، ينفع يشتغل ولا لأ؟ أصل أنا سمعت إن القانون بيسمح بالتدريب من السن ده، بس الشغل الرسمي بعد كده بسنة.
1600	إيه هي بنود القانون اللي بتحدد مسئولية صاحب العمل عن سلامة العمال وتأمينهم ضد المخاطر في الشغل؟
1853	لو الإدارة ما زودتش المرتب، ده خرق للقانون ولا قرار إداري؟
1153	يا ترى الأم اللي بترضع بتاخد كام بريك زيادة في الشغل عشان ترضع البيبي؟
1248	يعني عشان العقد يبقى مظبوط وقانوني، لازم يكون فيه بنود أساسية زي المرتب ومواضيع تانية مهمة، صح كده؟ (تركيز على الشرعية والصحة القانونية)
1728	إيه واجبات صاحب الشغل من ناحية توفير وسائل الأمان والحماية للعاملين؟ القانون بيحدد إيه بالظبط في الموضوع ده؟
1505	مفروض أسلم إشعار قبل ما أرجع؟ القانون قال فترة الرجوع للاستقالة كام يوم؟
1025	القانون بيقول ناخد فترة راحة (غداء) كام ساعة في اليوم؟
1111	لو فيه حد شغال في تنظيم امتحانات الجامعة، بيستحق إجازة مذاكرة مدتها قد إيه؟ (تركيز على الاستحقاق ومدة الإجازة)
1233	"بعد نهاية العقد اللي محدد بمدة، لو استمريت في الشغل، هل ده معناه إن العقد اتحول لعقد دائم بشكل تلقائي؟ (استخدام كلمة ""دائم"" بدل ""مفتوح"" وتوضيح كلمة ""بشكل تلقائي"")"
1432	يعني لو واحد سنه كبير شوية (فوق الستين) واشتغل فترة وبعدين مشي، المفروض ياخد مكافأة نهاية خدمة ولا عشان سنه كبير مياخدش؟
1278	قبض المرتب بيكون شكله إيه؟ كل شهر مرة، ولا كل أسبوع، ولا باليومية؟
1692	يعني أنا ما كانش ينفع أصبر عشر أيام قبل ما أرجع في كلامي؟ طب القانون بيقول إيه، فترة السماح اللي أقدر أستقيل فيها كام يوم بالظبط؟ (هذه الصيغة أكثر انفتاحًا و تسأل عن إمكانية الانتظار قبل الرجوع في القرار)
1181	إجازة الحج والعمرة كام شهر ومين يستحقها؟
1034	يعني المفروض نشتغل كام ساعة قبل ما ناخد بريك؟
1780	بصراحة، كل منشأة كبيرة مفروض يكون فيها لجنة سلامة؟ الكلام ده في القانون ولا دي مجرد توصيات؟
1326	مين المسؤول عن حساب المرتب وصرفه، وكمان استقطاع الضرائب والتأمينات؟
1673	إذا الواحد اتصاب جدي في الشغل، مين بيتصرف العلاج والتعويض؟
1703	لو اتفصلت من غير حق، بكسب تعويض إزاي؟ القانون ماحدش سقف التعويض؟
1412	إيه المعايير اللي بيستخدموها عشان يحددوا الحد الأدنى والحد الأقصى للأجر اللي بيتأمن عليه؟
1325	مين بيحسب المرتب ويصرفه، والضرائب والتأمين من عليه؟
1593	"""بخصوص القانون اللي صدر سنة 2025 وبيحرم التمييز على أساس الحمل، التمييز الممنوع ده بيكون في انهي أنواع من التعاملات أو المواقف؟"""
1507	"يعني لازم أعمل إخطار رسمي لو حبيت أسحب استقالتي؟ وكمان، في مهلة قانونية للرجوع في الاستقالة دي ولا الوضع مفتوح؟ (هذا السؤال يستخدم كلمة ""إخطار رسمي"" ويعبر عن القلق بشأن وجود مهلة محددة)."
1757	صاحب العمل ملزم يعمل إجراءات لمنع التحرش الجنسي في الشغل؟
1086	يا ترى القانون بيقول إيه بخصوص عدد أيام الإجازة السنوية اللي من حق أي حد عنده إعاقة؟
1178	بالذمة، لو فيه صنايعي بتاع خلطة عيان بمرض ممكن يتنقل للناس، يبقى إجازة العزل بتاعته تبقى قد إيه بالظبط؟ كام شهر يعني؟
1654	لو سمحت، ممكن تفهمني طريقة حساب مكافأة نهاية الخدمة؟ يعني النص شهر عن السنين اللي قضيتها في الأول والشهر الكامل بعد كده، بيتحسبوا بناءً على إيه؟
1689	"إيه هي ""الاستمارة 6"" دي أصلاً؟ وإيه اللي بينص عليه القانون حالياً بخصوصها؟ (تستخدم ""إيه اللي بينص عليه"" لإعطاء انطباع أقوى عن البحث عن التفاصيل القانونية)"
1629	فيه نصوص قانونية بتتعامل مع حالات التحرش الجنسي اللي بتحصل جوه الشركات والمؤسسات؟
1237	الوضع القانوني إيه بالنسبة للشغل من البيت والوظايف اللي مش باليوم الكامل؟ (هنا استخدام لغة أكثر رسمية نسبياً مع الحفاظ على اللهجة المصرية)
1704	"طيب لو فصلوني ظلم، أقدر آخد تعويض قد إيه؟ مفيش حد أقصى للتعويض ده في القانون ولا إيه؟ (تغيير في ترتيب الكلمات واستخدام ""قد إيه"" بدلاً من ""إزاي"")"
1741	لو الواحد اتصاب أو حصل له حادثة وهو شغال، مين اللي المفروض يدفع مصاريف العلاج ويعوضه؟
1032	كل قد إيه شغل الواحد محتاج يريح شوية؟
1690	"ممكن شرح بسيط لـ ""استمارة 6""؟ وإزاي القانون بيحكمها في الوقت الحالي؟ (تطلب شرحًا بسيطًا وتركز على فكرة ""الحكم"" القانوني)"
1538	"إيه القضايا اللي ممكن محكمة العمل الجديدة دي تحكم فيها؟ ولو صاحب الشغل مشيني، هل عندي الحق أرفع قضية هناك بشكل مباشر، ولا فيه إجراءات تانية لازم أعملها قبل ما أروح؟ (تستخدم كلمة ""أرفع قضية"" بدلاً من ""أروح المحكمة"" وتضيف فكرة ""إجراءات تانية"")"
1303	يعني لما يقولوا زيادة سنوية 3%، قصدهم الزيادة دي بتنزل على الراتب اللي هو صافي بتاعي، ولا الراتب اللي متسجل في التأمينات؟ (تركيز على التفريق بين صافي الراتب والرقم المسجل)
1817	هل من 15 ل17 سنة يُمكنهم الاشتراك في مشروع صغير أو خدمة المجتمع؟
1431	فيه مشكلة قانونية لو صاحب شغل صرف مكافأة نهاية خدمة لواحد عامل عنده فوق الستين؟ ولا ده حقه ومفيش كلام؟
1768	يعني القانون بيوضح إيه بالظبط عن تأمين الناس في الشغل، وهل لازم نعملهم فحص طبي كل فترة ولا دي حاجة اختيارية؟
1637	القانون بيلزم صاحب العمل إنه يفحص السجل الجنائي للموظفين لسبب السلامة؟
1451	هو الواحد من حقه يختار يتقاعد إمتى بإرادته؟ إزاي؟
1290	يا ترى الحد الأدنى للأجور في القطاع الخاص اتحدد آخر مرة بكام بالظبط؟
1359	لو الشركة عملتلي كورسات ودفعتلي فلوسها، وفي العقد مكتوب إني لو سبتهم قبل مدة محددة هرجع الفلوس دي، القانون بيسمح بكده ولا لأ؟ (يركز على أن الشركة هي التي دفعت تكاليف الكورسات).
1517	لو حصلت على حكم في قضية تعويض لأنه القانون حددش سقف التعويض؟
1572	ينفع قانونًا الشركة تميّز الحامل بالإيجاب وهي في إجازة ولادة أو بعد ما تخلص إجازتها علطول؟ (هذه الصيغة تركز على الجانب القانوني)
1594	"""قانون 2025 الخاص بمنع التمييز ضد المرأة الحامل، بيحميها من التمييز في إيه تحديدًا، يعني إيه الحاجات اللي القانون ده بيغطيها؟"""
1394	لما بيحسبوا المرتب بتاعي، بياخدوا في الاعتبار خصم اشتراك التأمينات ولا كأنه مش موجود؟ (تسأل عما إذا كان الخصم جزءًا من عملية حساب المرتب)
1758	يعني القانون بيُلزم أصحاب الشركات والمصانع إنهم ياخدوا خطوات عشان يحموا الموظفين من أي تحرش في مكان الشغل؟ (هذا السؤال يركز على إلزام القانون)
1459	هل قانوناً العامل يقدر يصرف المكافأة بتاعته قبل ما يتقاعد رسمياً، ولا لازم يستنى لحد المعاش؟
1426	هل فيه تماثل بين العمر اللي بيحقلي أخد فيه معاش وبين العمر اللي ممكن صاحب الشغل يقولي مع السلامة؟
1222	إيه الفروق اللي بتميز عقد العمل اللي بيكون ليه مدة معينة عن عقد العمل الدائم أو المستمر؟
1525	معلش، التعويض ده بيتحدد على أساس عدد سنين الشغل اللي قضيتها ولا إيه؟ وليه القانون مش قاطع في الموضوع ده ومحددهاش؟ (تركز على الغموض في القانون)
1771	مين الجهة اللي ممكن أقدم فيها تظلم أو شكوى لو شوفت حاجات غلط في إجراءات السلامة في المصنع؟ (استخدام مصطلحات رسمية أكثر قليلاً)
1250	هل فيه متطلبات قانونية معينة لازم تتضاف في العقد، زي المرتب وكل البيانات الضرورية عشان العقد يبقى تمام؟ (تركيز على المتطلبات القانونية وتمام العقد)
1422	يا ترى فيه اختلاف بين السن اللي بيطلع فيه الواحد معاش والسن اللي ممكن صاحب الشغل يمشيك فيه من الشغل؟
1579	إيه هي الحقوق والميزات اللي القانون الجديد للشغل بيديها للستات الحوامل بالتحديد؟
1832	القانون بيقول إيه بخصوص الزيادة السنوية في المرتب؟ نسبة الزيادة كام في المية؟
1365	"لو اتقبض لي فلوس زيادة سواء كانت فلوس متأخرة ليا أو قرض، وبعد كده رجعوا المرتب زي ما هو، هل ممكن يبرروا الموضوع ده بأي ""ظروف خاصة""؟"
1361	لو أخدت مستحقات زيادة أو قرض وبعدين رجعوني للوراء، يمكتبوها ضرورة؟
1173	هل قانونًا مسموح إني أبَدِّل الإجازة بتاعت العيا اللي خدتها بإجازة من حقي السنوية؟
1106	الإجازة اللي بناخدها في الوقت ده: هل هي جزء من الإجازة السنوية بتاعتنا، ولا دي حاجة تانية غيرها؟
1054	هل فيه تصريح أو سماح إنهم يشتغلوا يوم الأحد كنوع من المقاصة لإيجارهم الأسبوعي؟ إيه الوضع القانوني للحكاية دي؟
1835	زيادة سنوية %3 ده على المرتب الأساسي ولا الأجر التأميني؟
1727	صاحب العمل عليه يوفر وسائل حماية وقاية للعاملين؟ القانون قال إيه؟
1740	مين المسؤول عن تكاليف العلاج والتعويضات لو حصل حادثة شغل أو إصابة أثناء الشغل؟
1130	قانون الشغل بيدي للست اللي جابت بيبي كام شهر إجازة أمومة مدفوعة الأجر؟
1436	عايز أعرف بالتفصيل إزاي بيحسبوا مكافأة نهاية الخدمة؟ سمعت إن فيه نظام معين، نص شهر للسنة الأولى وشهرين للسنتين اللي بعديها، ممكن توضح لي؟
1151	الست المرضعة لها حق كام فترة راحة إضافية للرضاعة؟
1382	بخصوص خصم تمن الخامات أو اللبس الخاص بالشغل من المرتب، إيه النسبة اللي ممكن تتخصم مني بشكل قانوني؟ (تركيز على النسبة القانونية)
1089	لو واحد عنده إعاقة شغال في شركة، كام يوم إجازة المفروض ياخدهم في السنة حسب القانون؟
1713	السؤال بالصراحة: التعويض ده بيحسبوه على أساس خدمة كام سنة بالظبط؟ وإيه هي الاشتراطات الأساسية عشان الواحد ياخده؟
1889	صاحب العمل ملزم يأخذ إجراءات لمنع التحرش وضمان سرية الشكوى؟
1709	التعويض بيتحسب على كام سنين خدمة؟ ولا إيه الشروط؟
1027	يا ترى القانون محدد فترة استراحة غداء مدتها قد إيه في شغل اليوم؟
1548	الواحدة اللي حامل ينفع تشتغل ساعات زيادة أو تعمل شغل إضافي وهي حامل ولا القانون مانعها؟ (تغيير في الأسلوب والكلمات المستخدمة)
1399	هل إجباري على صاحب أي شركة إنه يعمل اشتراك تأمينات اجتماعية للعامل عنده من أول يوم توظيف؟
1051	لو اشتغلوا يوم الأحد، ممكن ده يحسب بديل لدفع الإيجار الأسبوعي؟ يا ترى القانون بيسمح بحاجة زي دي ولا فيه موانع؟
1551	لو واحدة حامل شغالة، هل ينفع صاحب الشغل يشغلها وقت زيادة أو إضافي ولا ده ممنوع بالقانون؟ (تغيير في التركيز على مسؤولية صاحب العمل)
1639	يا ترى القانون بيفرض على الشركات إنها تتأكد من خلو موظفينها من أي سوابق إجرامية، وده كله عشان الأمن والسلامة؟ (تغيير في الكلمات والمصطلحات المستخدمة، مع التركيز على الشركات بدلاً من صاحب العمل).
1560	وقت الرضاعة الطبيعية للأم العاملة بيتخصم من وقت الشغل ولا يعتبر جزء من الدوام؟
1351	يا ترى، الخصومات متوصلش لفين من المرتب؟ يعني أعلى نسبة خصم كام؟
1883	فيه نص في القانون بيجرم التنمر أو التحرش داخل العمل؟
1458	ينفع العامل ياخد مكافأة نهاية الخدمة قبل ما يوصل سن المعاش ولا ده مش من حقه؟
1263	في حالة إن صاحب الشغل عمل تعديلات في عقد العمل من غير ما يرجع للعامل، هل كده هو ماشي صح ولا بيخالف القانون؟
1500	إيه الفرق بين الاستقالة وإنهاء الخدمة، وإزاي فيه أنواع منها قانونية والنوع التاني برغبة الموظف؟ (هذا السؤال يركز على الفروق الجوهرية بين المفهومين وكيفية اختلافهما من حيث القانونية والاختيارية.)
1859	قانون العمل الجديد بيمنع التمييز والمضايقات في الشغل، إزاي؟
1578	يعني إيه الحاجات اللي بتميز حقوق الستات الحوامل في قانون الشغل الجديد؟
1355	لو دربتني الشركة وفي عقد اتفقت أرجع فلوس التدريب لو استقلت، القانون بيخليها إيه؟
1716	طيب، لو الواحد قدم استقالته ومشي بالاتفاق مع الشركة، هل يستحق مكافأة نهاية الخدمة ولا لأ؟ وإيه حقوقه القانونية في حالة الاستقالة؟ (تركز على حقوق الموظف)
1398	يعني قانونيًا كده، صاحب الشغل مُلزم يشترك للتأمين على الموظف من أول ما يبتدي شغل معاه؟
1356	أنا لو أخدت كورس تبع الشركة و فيه بند في العقد بيقول إني لو مشيت قبل مدة معينة هدفع تمن الكورس، القانون بيقول إيه في الموضوع ده؟ (يركز على تفاصيل أكثر حول الكورس والبند في العقد).
1030	يعني القانون بيحدد وقت راحة للغداء كام ساعة في اليوم؟ عشان بس نبقى عارفين حقنا.
1457	هل العامل من حقه يطلب صرف المكافأة قبل التقاعد؟
1203	بصراحة، لو داومت في يوم إجازة رسمية زي عيد الأضحى، هاخد كام تعويض بدل اليوم ده؟
1062	في القطاع الخاص، العامل ليه كام يوم إجازة في السنة؟
1269	"السؤال هنا، لو التغييرات اللي حصلت في العقد خلت الشغل مستحيل بالنسبة للعامل، هل من حقه إنه ياخد إجراءات تصعيدية؟ (هذه الصيغة تستخدم لغة أكثر رسمية، وتستبدل ""الاعتصام"" بـ ""إجراءات تصعيدية"".)"
1202	لو اضطريت أشتغل في يوم إجازة زي العيد الكبير، الشركة هتعوضني بكام فلوس زيادة على مرتبي؟
1240	هل الدولة بتعترف بالشغل اللي بيتعمل عن طريق الإنترنت والشغل اللي مش بيكون طول اليوم ولا لسه مفيش اعتراف رسمي؟ (هنا تفصيل أكبر لوصف طبيعة العمل مع التأكيد على الاعتراف الرسمي)
1580	إيه اللي اختلف بالنسبة للستات الحوامل في قانون العمل الجديد؟ إيه الجديد ليهم؟
1366	"لو صرفت فلوس زيادة عن مرتبي الأساسي سواء كانت مستحقات أو قرض، وبعدها رجعوا المرتب زي زمان، هل يقدروا يزقوا الموضوع ده تحت مسمى ""إجراء لازم""؟"
1534	في موضوع الاستقالة ده، محكمة القضاء الإداري بتتعامل إزاي؟ إيه القانون اللي بيحكم حالات الاستقالة عندهم؟ (سؤال عام عن كيفية التعامل مع حالات الاستقالة)
1011	الشغل ممكن يوصل لعدد ساعات أكتر من 8 ساعات في اليوم؟ (تركيز على إمكانية وصول عدد الساعات إلى أكثر من 8)
1892	يعني قانون الشغل بيقول إيه؟ هل بيقول إن صاحب الشغل لازم يتصرف ويتخذ خطوات عشان يحمي الموظفين من التحرش ويحافظ على سرية اللي بيقدم بلاغ؟
1018	لو واحد شغال باليومية، كام ساعة عمل في الأسبوع تعتبر قانونية؟
1820	اللي سنهم بيتراوح بين 15 و 17 سنة، ليهم الحق يساهموا في مشاريع شبابية أو أي عمل خيرى يفيد المجتمع؟ (تركيز على الحق والمساهمة)
1496	"لو الاستقالة كانت بسبب ظروف صعبة، ينفع الواحد يلغيها بعد ما قدمها؟ ولا الاستقالة كده تعتبر رسمية ومش هينفع يعمل حاجة؟ (تستخدم ""ظروف صعبة"" بدلاً من ""ضغوط"" وتركز على الرسمية)"
1733	لازم يكون فى طبيب عمل أو مسعف بداخل المنشأة؟
1014	الشغل المفروض نشتغله في الأسبوع كام ساعة حسب القانون؟
1252	يعني لما بنيجي نعمل عقد شغل، لازم ناخد بالنا من حاجات أساسية زي المرتب وكل التفاصيل المهمة دي، ولا ممكن نتغاضى عن حاجة؟ (تركيز على عقد الشغل تحديدًا وإمكانية التغاضي عن بعض التفاصيل)
1497	"لو الاستقالة طلعت مني وأنا متوتر ومجبور، أقدر أرجع في كلامي وأقول مش عايز استقيل؟ ولا القانون بيقول خلاص كده الاستقالة تمت ومينفعش أغير فيها؟ (تستخدم ""متوتر ومجبور"" لتوضيح الضغط وتشدد على الرغبة في التراجع)"
1735	هل لازم نوفر جوه المنشأة حد متخصص زي دكتور متخصص في طب العمل أو مسعف؟
1884	هل القانون المصري بيعتبر التنمر أو التحرش في الشغل جريمة يعاقب عليها؟ (هذه الصياغة تركز على القانون المصري بشكل عام والعقوبة).
1065	يا ترى عدد أيام الراحة السنوية اللي بياخدها الموظف في الشركات الخاصة بيكون كام؟
1524	طيب، الواحد بياخد تعويض عن كام سنة شغل؟ وايه السبب اللي خلى القانون ما يحددش المدة بالظبط؟ (تركز على العامل وأحقيته)
1834	يعني القانون بيوجب على الشركات تزود المرتبات كل سنة بحد أدنى كام؟
1681	"يا ترى، في جزء من مرتبنا بيروح لحساب المعاشات؟ و لو طلعنا على المعاش، الفلوس دي بتروح لمين بالظبط؟ (استخدام ""يا ترى"" لإضفاء طابع الاستفسار، وتركيز على وجهة الأموال)"
1445	اللي خرج على المعاش بعد اشتغل في جهة بس مش في التأمين، إيه اللي بيحصل؟
1185	"بالنسبة لإجازة الحج والعمرة، المدة بتاعتها قد إيه؟ ومين بالظبط اللي يقدر ياخد الإجازة دي؟ (تغيير في بداية السؤال واستخدام كلمة ""يقدر"" بدلاً من ""يستحق"")"
1423	هل سن التقاعد هو نفسه السن اللي ممكن فيه عقدك يخلص أو الشركة تستغنى عنك؟ ولاّ فيه فرق؟
1731	إيه اللي لازم صاحب الشغل يعمله عشان يحمي العاملين عنده ويأمنهم من المخاطر؟ القانون بيفرض عليه إيه في الحالة دي؟
1455	سؤالي هو، هل العامل عنده الحق يختار سن التقاعد اللي يناسبه؟ ولو ده متاح، إيه هي الآلية اللي بتسمحله بكده؟
1658	هو لو حد مشي من الشغل بمزاجه بعد العمر ده، ياخد مستحقاته دي ولا لأ؟ المستحقات دي مرتبطة بالاستقالة ولا الفصل؟
1508	"طيب، لو قررت ألغي الاستقالة اللي قدمتها، لازم أقدم حاجة زي إنذار الأول؟ والسؤال التاني، ممكن أرجع في الاستقالة دي لحد إمتى بالظبط حسب القانون؟ (هذا السؤال يستخدم كلمة ""إنذار"" ويسأل عن الحد الزمني للرجوع في الاستقالة)."
1424	بصراحة، فيه فرق بين سن الواحد لما يوصل للمعاش وبين السن اللي ممكن فيه عقد شغله ينتهي؟
1833	إيه النسبة اللي القانون فرضها كزيادة سنوية إجبارية على المرتبات؟
1818	ينفع اللي عندهم من 15 لـ 17 سنة يشتركوا في مشاريع صغيرة أو يخدموا المجتمع بشكل تطوعي؟ (تركيز على الإمكانية والجهات التي تقدم الفرص)
1035	الواحد المفروض يستريح كل كام ساعة شغل يعني؟
1257	يعني لازم العقد بتاع الشغل ده يتوثق في جهة رسمية زي وزارة العمل عشان يكون رسمي ولا إيه النظام؟
1335	لو فيه تأخير في قبض المرتب من الشغل، القانون بيحدد مدة سماح قد إيه قبل ما أقدر أشتكي؟
1745	هل من حق العامل يرفض ينفذ شغل يشكل خطورة عليه؟ مثلاً ملوش أدوات حماية؟
1200	لو نزلت الشغل في يوم إجازة مدفوعة الأجر زي العيد، المفروض آخد كام بدل شغل اليوم ده؟
1370	ممكن الضرايب والتأمين ينزلوا عن الـ 75% من المبلغ الأصلي، ولا ده يعتبر الحد الأقصى اللي ممكن نوصل له؟ (يعكس السؤال بالتركيز على النسبة المتبقية بعد الخصم)
1145	الست في الحمل تاخد تخفيض في ساعات العمل من امتى؟
1686	"يعني إيه بالظبط ""نموذج 6""؟ وإيه القانون بيقول فيه حالياً؟ (تركز على المصطلح ""نموذج"" بدلاً من ""استمارة"" واستخدام كلمة ""القانون"" بدلًا من ""الوضع القانوني"")"
1375	لو الشركة غلطت وهي بتديني مرتبي، فيه إمكانية أعدل المبلغ ده في وقت لاحق؟ وإيه حقوقي قانونًا في الحالة دي؟
1870	طبقا للقانون، هل العمال يقدروا يعملوا نقابات وينضموا ليها بمزاجهم من غير ما حد يتدخل؟ (تركيز على عدم التدخل والحرية الشخصية)
1766	طبقا للقانون، إيه التعليمات اللي لازم تتنفذ عشان نحافظ على سلامة العمال وصحتهم بشكل دوري في الشغل؟
1526	يعني التعويض بيتحسب على أساس كام سنة خدمة بالظبط؟ وايه الحكمة إن القانون ساب الموضوع عايم كده ومحددش عدد السنين؟ (تركز على الحكمة من عدم التحديد)
1616	هل القانون بيحدد إيه أقل حاجة لازم صاحب العمل يوفرها من ناحية أدوات الحماية زي الخوذة أو اللبس الواقي؟
1539	"المحكمة اللي عاملينها مخصوص لقضايا الشغل دي، إيه نوع المشاكل اللي بتتعامل معاها؟ ولو اترفدت من الشغل، ينفع أروح أقدم شكوى هناك على طول، ولا لازم أستنى موافقة من جهة حكومية؟ (تستخدم كلمة ""أقدم شكوى"" بدلاً من ""أروح المحكمة"" وتؤكد على فكرة ""الجهة الحكومية"")"
1043	يعني ليّ يوم راحة كامل كل أسبوع بأجره؟
1186	إجازة الحج أو العمرة دي بتكون كام شهر؟ وإيه الشروط اللي تخلي الواحد يستحقها؟ (التركيز على الشروط اللازمة لاستحقاق الإجازة)
1868	القانون بيقول إن العمال ليهم مطلق الحرية في تشكيل نقابات والانضمام ليها، صح كده؟ (تأكيد أكثر مع طلب الموافقة)
1814	بالنسبة لواحد لسه بيدرس في مدرسة ونفسه يشتغل كام ساعة في اليوم، إيه هي الحدود المسموحة؟
1174	ممكن أقدم طلب علشان الإجازة المرضي دي تتحول لإجازة من الرصيد بتاعي العادي بتاع كل سنة؟
1265	لو العامل ماقدرش يشتغل بنظام التغيرات اللي اتعملت في العقد، له الحق يعتصم؟
1328	مين الجهة أو الشخص اللي بيقوم بعملية احتساب الرواتب ودفعها، وكمان بيشيل مسؤولية الضرائب والتأمينات؟
1902	لو الواحد اتظلم في شغله، يروح يرفع شكواه لمين؟ لوزارة القوى العاملة ولا المحكمة؟
1662	"طب فرضًا واحد كان بيشتغل وربنا افتكره، أهله ياخدوا حقوقه ولا إيه النظام؟ (هنا استخدمنا تعابير مثل ""ربنا افتكره"" و ""إيه النظام"" لتقريبها للهجة المصرية)."
1300	"هل القانون بيوجب على الشركات إنها تزود المرتبات بشكل سنوي؟ ولو الإجابة أيوة، نسبة الزيادة السنوية دي بتكون كام في المية تحديدًا؟ (استخدام كلمة ""يوجب"" لتأكيد الإلزام والتركيز على التحديد)"
1627	هو القانون المصري بيغطي موضوع التحرش الجنسي اللي ممكن الواحد يتعرض له وهو شغال؟
1645	الراجل اللي سنه أكبر من 60 سنة، القانون بيقول له إيه لما يتقاعد؟ (بمعنى مكافأة التقاعد)
1228	أعلى مدة ممكنة لعقد تحت الاختبار بتكون كام شهر؟ (بيركز على أعلى مدة ممكنة لعقد تحت الاختبار)
1587	فيه قيود معينة على شغل الستات الحوامل في الشركة دي؟ ولو فيه، القيود دي بتبدأ تطبق من أول ما عدد الموظفات يوصل لكام؟
1057	لو خدنا يوم إجازة رسمي من الدولة، زي الجمعة، هل اليوم ده بيتحسب من ضمن أيام العمل الأسبوعية بتاعتنا ولاّ يعتبر بره الحسبة؟ (تركيز على الرسمية والإيضاح)
1346	"يا ترى مكافأة الشغل الإضافي (أوفر تايم) بتكون قد إيه بالنسبة للأجر العادي، لو اشتغلت بالليل أو بالنهار؟ (استخدام مصطلح ""مكافأة"" و ""أوفر تايم"")"
1305	سؤالي بخصوص الزيادة الـ 3% السنوية: هل الزيادة دي بتدخل في حساب الراتب اللي بيتحط في التأمينات الاجتماعية، ولا ليها حسبة تانية بعيد عن التأمين؟ (تركيز على استقلالية الحساب أو ارتباطه بالتأمين)
1420	بعد التعديلات الجديدة في القانون، سن المعاش بقى كام للناس اللي شغالة في شركات خاصة؟
1189	"""علشان الواحد ياخد تصريح إجازة حج من الشغل، لازم يكون مستوفي شروط معينة؟ زي إيه الشروط دي بالظبط؟ ليها علاقة بسن الموظف أو مدة خدمته في الشركة؟"""
1192	"""عايز أعرف، إيه هي الشروط اللي لازم الواحد يكون محققها عشان يقدر يقدم على إجازة حج وياخدها؟ هل فيه قيود على العمر أو المدة اللي اشتغلها في وظيفته؟"""
1675	لو موظف اتأذى جامد وهو في الشغل، مين اللي بيدي له فلوس العلاج والتعويض اللي يستحقها؟
1796	واحد عنده أربعتاشر سنة، ممكن يلاقي شغل؟ ولا السن ده صغير قوي؟ سمعت إن فيه حاجة اسمها تدريب بيبدأ من السن ده، بس مش عارف التفاصيل.
1813	لو فيه ولد أو بنت في ثانوي أو إعدادي نفسه يشتغل شغلانة جنب الدراسة، إيه التعليمات اللي المفروض يلتزم بيها؟
1494	"لو واحد قدم استقالته وهو مضغوط عليه، ممكن يتراجع فيها بعد كده ولا خلاص الاستقالة دي كده تمام ومينفعش يغير رأيه؟ (تركز على إمكانية التراجع وتوضيح معنى ""نهائية"")"
1557	الست اللي بتشتغل وبترضع طفلها، القانون بيقول إيه عن عدد ساعات شغلها اليومية وحقوقها في أوقات مخصصة للرضاعة؟
1193	كام يوم أجازات رسمية مدفوعة في السنة؟
1490	أفهم من كده إنه لو واحد اتطرد من الشغل فجأة بدون مبرر، يبقى القانون بيقف جنبه؟ مفيش صاحب شغل يقدر يعمل كده بمزاجه؟
1730	هو صاحب الشغل ملزم بتوفير إجراءات وقاية للعامل اللي عنده ولا لأ؟ ولو ملزم، القانون بينص على إيه بالظبط؟
1511	لو قدمت استقالتي بس بعد كده العمل أو الجهة الإدارية رفضوا يعتمدوا عليها؟
1873	بص، لو الواحد عنده مشكلة في وظيفته زي خناقة مع مدير أو فلوسه متأخرة، هل مسموح قانونًا إنه يشارك في إضراب؟ إيه اللي بيقوله القانون في الحالة دي؟ (استخدام لغة أكثر عامية وتركيز على حق الفرد في المشاركة)
1386	"بصراحة كده، لو أنا و اللي قدامي اتفقنا في العقد على نسبة خصم معينة، ده ليه وضع قانوني مختلف عن الحد الأقصى للخصم اللي القانون بيقول عليه؟ (تستخدم كلمات عامية أكثر مثل ""بصراحة كده"" و ""اللي قدامي"" لإضفاء طابع مصري عفوي)."
1148	إمتى بالضبط الست الحامل تقدر تستفيد من قانون تخفيف ساعات الشغل أثناء فترة الحمل؟
1514	لو أنا قدمت طلب استقالتي وجهة العمل ما وافقتش عليه، الوضع القانوني ساعتها بيكون إيه؟ (تركيز على الجانب القانوني)
1726	"إيه اللي بيحصل لما الواحد بيتطرد من شغله في ظل قانون العمل الجديد ومحكمة العمل؟ وهل فيه أي قيود بتمنعني من اللجوء للمحكمة مباشرةً ولا أقدر أروح في أي وقت؟ (تستخدم كلمة ""بيتطرد"" للتعبير عن الفصل و تركز على فكرة القيود التي تمنع اللجوء للمحكمة)"
1649	كيف بتتحسب مكافأة نهاية الخدمة؟ (نصف شهر للسنين الأولى وشهر للسنين البعد كده)
1006	طبقا للقانون، اليومية بتاعة الشغل تتحدد على أساس كام ساعة عمل؟
1179	يعني لو فيه موظف شغلته خلط مواد، واتصاب بمرض معدي، المفروض يعمل حجر صحي لمدة كام شهر؟
1150	في أي فترة من شهور الحمل، بيحق للمرأة العاملة إنها تخفف عدد ساعات شغلها بناءً على القانون؟
1844	مش المفروض بعد ما الحد الأدنى للأجور بقى أعلى بستة وسبعة آلاف جنيه، الشركات دي تعدل أوضاعها؟ ليه لسه مفيش أي تغيير؟ (تركيز على توقع التعديل في الأوضاع)
1232	"يعني لو العقد بوقت معين خلص وأنا كملت شغل زي ما أنا، كده العقد بيعتبر عقد مفتوح المدة ولا ليها حسبة تانية؟ (تغيير في بنية السؤال و استخدام كلمة ""حسبة تانية"")"
1648	إيه اللي بيستحقه أي حد سنه عدا الستين وبيشتغل، لما يمشي من الشغل؟ (أقصد مكافأة نهاية الخدمة)
1367	الضرايب واشتراكات التأمين، ممكن تنقص أكتر من 25% ولا لأ؟
1214	كم نوع من عقود الشغل مُعترف بيه قانونًا لما تشتغل في شركة خاصة؟
1467	لو حد صرف فلوس، إيه اللي يخليني أقول إن دي مكافأة مش تعويض؟ أو العكس، إيه الفرق اللي بيحدد؟
1609	"في حالة وقوع حادثة أو أذية لحد، مين اللي يشيل الشيلة؟ (تستخدم ""أذية"" بدل ""إصابة""، و""يشيل الشيلة"" تعبير عن تحمل المسؤولية)"
1626	يا ترى القانون فيه كلام عن التحرش الجنسي اللي بيحصل في أماكن الشغل؟
1120	"سؤال مهم: لما يكون فيه امتحانات وأنا محتاج آخد إجازة عشان أذاكر، هل دي بتعتبر إجازة رسمية بتتخصم من رصيدي السنوي ولا إيه نظامها بالظبط؟ (تقديم مقدمة ""سؤال مهم""، استخدام ""إجازة رسمية"" بدلاً من ""إجازة دراسية""، ""إيه نظامها بالظبط"" لإضافة توضيح.)"
1139	الست العاملة ترجع وظيفتها بعد إجازة الوضع؟
1085	الأشخاص ذوي الإعاقة بياخدوا كام يوم إجازة سنوية؟
1858	لو الإدارة فضلت على المرتب القديم ومغيرتش، يبقى كده عملوا حاجة غلط قانونًا ولا هما أحرار في قراراتهم دي؟
1531	يعني لما حد يقدم استقالته، القضاء الإداري بيشوف الموضوع ده ازاي؟ إيه القانون اللي بيستندوا عليه في حالات الاستقالة؟ (يركز على كيفية تعامل القضاء الإداري مع الأمر)
1800	بالنسبة للي لسه ما بلغوش الـ 18 سنة، هل فيه أي قوانين بتحدد مواعيد شغلهم في النهار؟ (تغيير في المفردات والتركيب)
1331	لو صاحب الشغل اتأخر في صرف المرتب كام يوم، القانون قال إيه؟
1079	الموظف لو عدّى سن الـ50، ياخد كام يوم سنوية؟
1532	طيب، في حالة الاستقالة، إيه وضع محكمة القضاء الإداري؟ إيه القانون اللي بيحكم الاستقالات دي تبعهم؟ (يسأل عن اختصاص القضاء الإداري والقانون المطبق)
1528	طيب سؤال، لما أجي أقبض التعويض بتاعي، بيحسبوه على عدد سنين خدمتي كلها ولا فيه عدد سنين معين؟ واشمعنى القانون ما بينصش على عدد السنين دي بالتفصيل؟ (تركز على عملية قبض التعويض)
1615	هل فيه متطلبات قانونية بتحدد مستوى معين من وسائل الوقاية الشخصية لازم تكون متاحة، زي الخوذ أو الملابس الواقية؟
1540	"بالتفصيل كده، محكمة العمل دي بتفصل في إيه؟ ولو الشركة فصلتني تعسفيًا، إزاي أقدر أوصل لحقي عن طريق المحكمة دي من غير ما أدخل الحكومة في الموضوع؟ (تستخدم كلمة ""تفصل في إيه"" بدلاً من ""بتختص بإيه"" وتضيف كلمة ""تعسفيًا"" لوصف الفصل)"
1042	لو الدوام 6 أيام في الأسبوع، إيه هو الحد الأدنى لساعات الراحة اللي المفروض آخدها أسبوعياً؟
1753	هل فيه مواد في القانون بتعاقب اللي بيتنمر أو بيهين زمايله في الشغل؟ (تركز على العقوبات القانونية)
1783	"حد من الصحة بييجي يتأكد من سلامة المستشفى اللي بنشتغل فيها؟ (يستخدم كلمة ""سلامة"" للتعبير عن الجودة)"
1140	هو القانون بيسمح للموظفة ترجع شغلها بعد ما تخلص إجازة الولادة ولا إيه النظام؟
1321	هل قانوني إن يتخصموا زيادة عن رُبع القبض؟
1462	العامل ليه الحق إنه يطلب ياخد فلوس المكافأة بتاعته اللي المفروض ياخدها لما يوصل سن المعاش، قبل ما يوصله فعلاً؟
1040	في حالة الشغل ستة أيام متواصلين، عدد ساعات الراحة الأسبوعية المتاحة بيكون كام؟
1663	"لو واحد اتوفى وهو على رأس عمله، الناس اللي كانوا بيعتمدوا عليه، ياخدوا تعويضات أو حاجة؟ (ركزنا على فكرة الاعتماد المالي واستخدام كلمة ""تعويضات"")."
1141	يعني بعد ما الست تولد وتاخد إجازتها، ليها الحق ترجع لنفس وظيفتها اللي كانت فيها قبل كده، ولا ممكن الشركة ترفض؟
1742	مين الجهة اللي بتتكفل بمصاريف علاج العامل وبتعوضه لو اتعرض لإصابة أو حادثة في الشغل؟
1754	هو القانون المصري بيعتبر التحرش والإهانة في بيئة العمل جريمة ولا لأ؟ (تركز على اعتبار السلوك جريمة)
1503	"ليه لما حد بيسيب شغل بنسمع عن ""استقالة"" و ""إنهاء خدمة""؟ وإيه المعنى القانوني لكل واحدة فيهم، وإمتى الواحد يقدر يختار الطريقة اللي يمشي بيها؟ (هذا السؤال يركز على سبب استخدام المصطلحين في حالة ترك العمل، والمعنى القانوني لكل مصطلح، وحرية اختيار الموظف.)"
1761	يا ترى القانون المصري بيفرض على أصحاب الشغل يعملوا إيه بالظبط عشان يواجهوا مشكلة التحرش الجنسي في أماكن العمل؟ (هذا السؤال يركز على تفاصيل الإجراءات المطلوبة من صاحب العمل)
1127	الست العاملة بتاخد كام شهر إجازة وضع (أمومة)؟
1133	الرجل بيقدر ياخد إجازة ولادة كام مرة في حياته المهنية؟
1671	التأمين الصحي اللي معايا ده، هل بيغطي أي علاج أنا محتاجه لو تعبت من الشغل؟ (تركيز على التأمين المحدد للشخص)
1313	الخصومات (زي سلفة أو مدفوعات) ما ينفع تأخذ من المرتب كام؟
1438	ياريت تفهمني طريقة حساب مكافأة نهاية الخدمة. يعني أنا عارف إن فيه حاجة اسمها نص شهر للسنة الأولى وشهرين للسنتين اللي بعديها، بس مش فاهم بتتحسب إزاي بالظبط.
1900	هو القانون الجديد ده هيقضي على التمييز في المرتبات بين الرجالة والستات اللي بيشتغلوا نفس الشغل؟ (التركيز على القضاء على التمييز كهدف للقانون)
1376	افرض الشركة حسبت مرتبي غلط، هل فيه طريقة لتصحيح الخطأ ده بعد ما قبضت؟ وإيه موقف القانون من حاجة زي كده؟
1590	"""قانون سنة 2025 اللي بيحارب التمييز بسبب الحمل ده، بيستهدف منع التمييز في إيه بالظبط؟"""
1259	لو صاحب الشغل غير شروط العقد دون موافقة العامل، ينفع؟
1708	"في حالة لو تم إنهاء خدمتي بشكل تعسفي، إزاي ممكن أطالب بتعويض؟ وهل القانون المصري فيه حد أقصى لقيمة التعويض في حالات الفصل التعسفي؟ (استخدام مصطلحات قانونية مثل ""إنهاء خدمتي بشكل تعسفي"" لزيادة الاختلاف)"
1163	بعد أول 3 شهور بأجر كامل، بقية الإجازة المرضية بتتوزع إزاي؟
1464	يعني إيه الفرق الجوهري بين لما أصرف مكافأة وبين لما أصرف تعويض؟ قصدي، إمتى دي وإمتى دي؟
1543	من أنهي شهر في الحمل المفروض الست تبدأ تقلل عدد ساعات شغلها في اليوم؟
1387	"طيب، فرضًا إني عملت عقد واتفقنا على خصم معين، هل الاتفاق ده له تأثير قانوني غير اللي القانون محدده كأعلى نسبة خصم ممكنة؟ (تستخدم كلمة ""فرضًا"" وتستبدل ""يفرق"" بـ""له تأثير قانوني غير"")."
1069	أول سنة في الشغل بيكون ليك 15 يوم إجازة. طب لما تدخل السنة التانية، إجازاتك هتبقى كام يوم بالظبط؟
1337	رصيد المرتب اللي ما استلمتش، يترحل للسنة اللي بعدها ولا يُعوض؟
1583	أقصى العمل للحوامل يوافقوا عليه لو عدد الموظفات عندهم فوق كام؟
1440	الراجل اللي شغال في شركة قطاع خاص، بعد ما يوصل سن الستين، بيكون له حقوق إيه؟ فيه معاش الشركة بتصرفه له، ولا الموضوع بيعتمد على التأمين بس؟
1618	القانون بيقول إيه عن أقل مستوى من الحماية لازم يتوفر للعمال؟ يعني لازم يكون فيه خوذة أو لبس حماية ولا لأ؟
1904	لو صاحب الشغل داس على حقوقك، فين المكان الصح اللي تقدم فيه تظلمك؟ القوى العاملة ولا المحكمة؟
1238	هو قانون الشغل وافق على عقود الشغل اللي بتكون من بعيد أو عدد ساعات أقل ولا لسه؟ (هنا التركيز على قانون العمل بشكل مباشر)
1266	طيب، فرضًا العامل مش عارف يِتأقلم مع الشغل بعد التعديلات الجديدة في العقد، مِن حقه يعمل إضراب؟ (هذه الصيغة تستخدم كلمات مختلفة وتسأل عن نفس الحق بشكل مباشر، مع التركيز على التأقلم.)
1452	هل قانونًا الواحد يقدر يحدد بنفسه ميعاد خروجه على المعاش؟ وإيه هي الطريقة اللي يقدر يعمل بيها كده؟
1756	يعني لو واحد اتعرض لإساءة أو تنمر في شغله، القانون بيقف جنبه ويحميه؟ (تركز على حماية القانون للضحية)
1860	يعني إيه بالظبط الإجراءات اللي بيفرضها قانون العمل الجديد عشان يمنع العنصرية والتحرش في مكان الشغل؟
1055	في أيام محددة السلطات بتتيح فيها راحة (جمعة مثلا)، ساعات الراحة دي بتنحسب ضمن أسبوع شغل؟
1597	إيه واجبات صاحب العمل ناحية تأمين العمال في الشغل؟ القانون بينص على إيه في الموضوع ده؟
1317	لو عليا فلوس وبسدّدها من مرتبي، أو واخد سُلفة، أقدر أدفع منها كام في الشهر كحد أقصى؟
1125	لو خلفت، جوزي يقدر ياخد كام يوم راحة من الشغل بمناسبة الوضع؟ (صياغة من وجهة نظر الزوجة، وتسأل عن الراحة من العمل)
1679	احنا بندفع اشتراك المعاش في المرتب بتاعتنا؟مين بياخد المعاش بعد التقاعد؟
1781	موظف صحي بيفحص مستشفى العمل؟
1625	القانون بيتكلم عن التحرش الجنسي في الشغل؟
1638	"هو صاحب الشغل ملزوم قانونًا يكشف على صحيفة الحالة الجنائية بتاعة العمال عشان يحافظ على الأمان ولا لأ؟ (تغيير في الكلمات والتعبير عن ""الفحص"" بـ ""يكشف على"")."
1295	هل في زيادة سنوية إلزامية للرواتب؟ القانون قال كام بالمية؟
1213	حسب القانون، عقد العمل في القطاع الخاص ليه كام شكل أو نوع؟
1831	طبقا للقانون، المفروض المرتب بتاعي يزيد كل سنة بمقدار قد إيه؟
1038	بعد ستة أيام شغل ورا بعض، المفروض آخد راحة قد إيه في الأسبوع؟
1652	ممكن تشرح لي آلية حساب تعويض نهاية الخدمة؟ بالذات الجزء بتاع نص المرتب عن كل سنة في الأول وشهر المرتب بعدين.
1126	إيه نظام إجازة الأبوة في مصر؟ يعني الأب بياخد كام يوم لما مراته تجيب طفل؟ (تستفسر عن النظام بشكل عام ثم تحدد المدة)
1024	لو باخد بريك غدا أو أي راحة تانية في الشغل، ده بيعتبر من ضمن الـ 8 ساعات بتوع الشغل ولاّ بيتحسب وقت إضافي؟
1425	يعني السن القانوني للمعاش هو هو السن اللي ممكن الشركة تمشيني فيه من الشغل؟ ولا فيه حاجة تانية؟
1483	إيه هي الحالات اللي تسمح لصاحب العمل إنه ينهي خدمة العامل؟ و هل القانون بيشترط قرار قضائي لإنهاء الخدمة ده؟
1102	بالظبط كده، الموظف يقدر ياخد كام يوم في السنة إجازة تحت بند الظروف الطارئة، زي مناسبة مفاجئة أو حاجة حصلت فجأة؟
1116	"لو خدت إجازة عشان الدراسة وقت الامتحانات، دي بتتخصم من رصيد إجازاتي السنوية ولا محسوبة ببلاش؟ (تغيير في التركيب والكلمات: استخدام ""لو خدت"" بدل ""إجازة دراسية""، ""دي بتتخصم"" بدلاً من ""بتتنقص""، ""محسوبة ببلاش"" بدلاً من ""مجانًا"")"
1677	مين الجهة اللي بتتكفل بمصاريف علاج وتعويضات العامل لو اتصاب إصابة بالغة أثناء شغله؟
1121	إجازة الوضع للأب (إجازة الوالد عند ولادة الطفل) كام يوم؟
1048	ممكن أعرف، ينفع آخد يوم أجازة بأجر كامل كل أسبوع ولا لأ؟
1172	لو سمحت، ممكن الإجازة اللي كنت واخدها علشان تعبان تتحسب إجازة سنوية عادية؟
1685	"إيه يعني ""إستمارة 6"" وإيه وضعها القانوني دلوقتي؟"
1264	هل يحق لصاحب العمل إنه يبدل في الشروط المكتوبة في العقد من غير ما يستأذن العامل أو ياخد موافقته؟
1146	ابتداءً من أي شهر في الحمل، يحق للست العاملة تحصل على تقليل في عدد ساعات شغلها؟
1044	هو أنا من حقي آخد يوم إجازة مدفوعة الأجر كل أسبوع؟
1087	إيه وضع الناس اللي عندهم ظروف خاصة من ناحية الإجازات السنوية؟ يعني كام يوم المفروض ياخدوا في السنة؟
1607	في حالة حادث أو إصابة مين بيتحمل المسئولية؟
1825	ينفع الواحد يشتغل أو يدخل شغل من غير شهادة وهو عنده أقل من 15 سنة؟ (تركز على علاقة الشهادة بسوق العمل أو فرص الشغل لمن هم دون الـ 15)
1653	إيه هي الطريقة اللي الشركة بتحسب بيها مستحقات نهاية الخدمة؟ والنظام بتاع نص شهر وشهر على السنين، ده بيتم إزاي؟
1795	يعني اللي عنده 14 سنة، ممكن يشتغل شغلانة بفلوس ولا لازم يكون أكبر من كده؟ القانون بيقول إيه بالظبط عن الموضوع ده؟
1895	القانون الجديد يضمن المساواة في الأجر بين الموظفين نفس العمل (رجالة وستات)؟
1850	"""هل فيه مادة في القانون أو نص قانوني بيأكد حق الموظفين في زيادة سنوية للمرتبات، زي ما حصل في الحكم بتاع الـ 3%؟"" (هذا السؤال يبحث تحديدًا عن مادة أو نص قانوني)."
1165	أوكي، أول تلات شهور بناخد المرتب كله في الإجازة المرضية، وبعد كده نظام الأجر بيكون إيه؟
1336	ايه اللي ممكن يحصل لو صاحب الشغل اخر صرف المرتب؟ وايه الاجراءات اللي القانون بيحمي بيها العامل؟
1806	يا ترى القانون بينص على إيه بخصوص منع شغل القصّر في الليل أو في الشغل اللي فيه خطر؟
1871	لو في خلاف وظيفي أو تأخر مرتب، ممكن نشتغل إضراب؟ القانون قال إيه عن الإضراب؟
1373	لو في خطأ من الشركة في صرف المرتب، ممكن يتعدل بعدين؟ القانون إيه؟
1847	هل في فرضية قانونية لضمان زيادات سنوية (زي ما حصل حكم 3%)؟
1776	يا ترى كل منشأة كبيرة لازم يكون فيها لجنة مختصة بالسلامة؟ هو فيه قانون بيلزم بكده ولا إيه؟
1156	إيه هي المدة الإضافية اللي بتاخدها الست العاملة اللي بترضع طفلها في شغلها عشان الرضاعة؟
1381	هل قانوني إن الشركة تخصم فلوس الأدوات أو اليونيفورم من الراتب، ولو قانوني، إيه الحد الأقصى للخصم؟ (تركيز على الجانب القانوني والحد الأقصى)
1281	طريقة صرف المرتب ماشية إزاي؟ بتستلموه شهريًا، أسبوعيًا، ولا بتقبضوا باليوم؟
1208	طيب، لما بشتغل في العيد أو في أي مناسبة رسمية، بيحسبولي اليوم ده إزاي؟ بيوم إجازة زيادة ولا بفلوس أكتر؟ (تحديد أنواع أيام العطلات بشكل أدق، مع سؤال عن طريقة الحساب)
1155	في الشغل، الست اللي بترضع طبيعي، ليها كام استراحة زيادة عن باقي الموظفين عشان ترضع البيبي؟
1537	"يعني لما يقولوا محكمة عمل، معناها بتنظر في قضايا إيه بالظبط؟ ولو حصل معايا مشكلة في شغلي واترفدت، أقدر أشتكي هناك على طول ولا لازم واسطة من الحكومة الأول؟ (تستخدم كلمة ""تشتكي"" بدلاً من ""أروح المحكمة"" وتضيف فكرة ""الواسطة"")"
1316	إيه الحد الأقصى اللي ممكن يتشال من مرتبي كخصومات بأنواعها؟ زي السُلفة اللي خدتها أو أي مبالغ تانية بدفعها؟
1893	بصراحة، صاحب الشغل ملزوم ولا لأ يعمل كل اللي يقدر عليه عشان يمنع التحرش في الشغل، ولو حد اشتكى ماحدش يعرف عنه حاجة؟
1669	لو الواحد جاله مرض نتيجة شغله، هل التأمين الصحي بيتحمل تكاليف علاجه؟ (تركيز على تحمل التكاليف)
1588	يعني لو عدد الموظفات في الشركة زاد عن كام واحدة، بيكون فيه شروط خاصة أو تخفيف في الشغل بالنسبة للستات الحوامل؟
1772	يعني لو حسيت إن فيه حاجة مش تمام في إجراءات الأمن والسلامة هنا، المفروض أبلغ بيها مين بالظبط؟ (تعبير أكثر تحفظًا وتحديدًا)
1523	التعويض بيتحسب على كام سنين خدمة؟ وليه القانون سايبها؟
1429	لو واحد عدى الستين وشغال، هل بيستحق ياخد مكافأة نهاية الخدمة عادي زي أي حد؟
1481	صاحب العمل يقدر يفصل العامل أمتى؟ القانون قال الفصل لازم يكون بقرار من المحكمة؟
1725	يعني لو اترفدت من الشغل، محكمة العمل دي بتفيدني في إيه تحديدًا؟ وهل القانون بيديلي الحق أرفع قضية من غير ما أرجع لأي جهة حكومية تانية؟ (توضح أكثر فائدة المحكمة و تركز على عدم الحاجة لجهات حكومية وسيطة)
1152	بالنسبة للأم اللي بترضع طفلها، القانون بيديها كام وقت زيادة تستريح فيه عشان الرضاعة؟
1357	"يعني لو الشركة عملتلي تأهيل أو تدريب، و أنا مضيت على ورق إني هدفع تمن التدريب ده لو سبت الشغل بدري، الكلام ده يمشي قانونًا ولا إيه؟ (يستخدم كلمة ""تأهيل"" بدلاً من ""تدريب"" ويؤكد على توقيع الأوراق)."
1207	يعني لو اشتغلت يوم أجازة، هيعوضوني بيوم راحة تاني ولاّ هيدفعولي أجر مضاعف؟ إيه النظام؟ (تركيز على التعويض بدلا من الحق، مع سؤال مباشر عن النظام المتبع)
1804	"بالنسبة للعيال اللي لسه صغيرين ومكملوش 18 سنة، هل فيه قيود على الوقت اللي ممكن يشتغلوه بالنهار؟ (استخدام كلمة ""عيال"" و""الوقت اللي ممكن يشتغلوه"" للتعبير عن ساعات العمل)"
1877	قانون العمل بيجبر الشركات على الالتزام ببيئة عمل نظيفة وآمنة؟ مثلاً إضاءة وتهوية؟
1468	ببساطة كدة، المكافأة دي حاجة والتعويض ده حاجة تانية خالص، صح؟ طيب إيه الفرق اللي بينهم علشان أفهم؟
1589	قانون 2025 ضد التمييز في الأمور المرتبطة بالحمل، لأي شكل؟
1260	هل قانوناً يجوز لصاحب العمل تغيير بنود الاتفاقية من طرف واحد، يعني بدون ما ياخد رأي الموظف؟
1154	طيب، الست اللي لسه والدة وبترضع البيبي، ليها كام ساعة زيادة في اليوم تاخدها عشان ترضع؟
1064	لو واحد شغال في شركة خاصة، إيه عدد أيام الإجازة اللي المفروض ياخدها في السنة؟
1340	لو فيه جزء من مرتبي مخدتوش في وقته، كده خلاص خسرت الفلوس دي ولا هتنحسب ليا بعدين؟
1393	"التأمينات بتُخصم من الراتب الشهري اللي بقبضه، ولا دي حاجة تانية خالص؟ (تستخدم كلمة ""بقبضه"" لزيادة اللهجة العامية، وتتساءل عما إذا كان الخصم جزءًا من الراتب أم لا)"
1680	هل بيتم خصم فلوس للمعاش من مرتبنا؟ و بعد ما نطلع معاش، مين اللي بيقبض الفلوس دي؟ (تركيز على الخصم الفعلي ومن يستفيد من المعاش بعد التقاعد)
1555	بالقانون، الأم اللي بتشتغل وبترضع بيبي، المفروض تشتغل كام ساعة في اليوم، وإيه عدد مرات الرضاعة اللي من حقها تاخدها خلال الشغل؟
1341	باقي حساب مرتبي اللي ما قبضتوش، بيضيع ولا هينزل لي تعويض بيه السنة اللي جاية؟
1415	سن التقاعد في القطاع الخاص كام حسب القانون الجديد؟
1482	إمتى بالظبط صاحب الشغل يقدر يمشي الموظف بتاعه؟ صحيح لازم حكم محكمة عشان الفصل يبقى رسمي؟
1478	إيه هي الإجراءات اللي لازم أعملها عشان أقبض المعاش بتاعي؟ وهل المعاش بينزل على طول ولا بيتأخر شوية؟ (تركز على الإجراءات المطلوبة وتوقيت صرف المعاش)
1612	"مين الطرف اللي هيكون مسؤول عن أي حاجة تحصل لو حد اتخبط أو حصل له ضرر؟ (تستخدم ""الطرف"" بدلا من ""مين""، و""اتخبط"" بدلا من ""حادث""، و""ضرر"" بدلا من ""إصابة"")"
1344	بالليل والنهار، الساعة الزيادة في الشغل بتتحسب بضرب الأجر الأساسي في كام؟ (تركيز على طريقة حساب الأجر الإضافي)
1369	يعني مفيش أي طريقة نخلي الضرايب والتأمين يقلوا أكتر من ربع المبلغ، صح كده؟ (يسأل بشكل مباشر عن وجود أي طرق لزيادة التخفيض)
1903	في حالة حقوقك مضاعت في الشغل، إيه الجهة اللي ممكن الواحد يلجأ ليها؟ وزارة العمل ولا القضاء؟
1276	هل من حق الموظف اللي بيشتغل في فترة تجريبية حسب العقد، إنه يرفض الاستمرار فيها وينهي شغله بدري؟
1267	"بص، لو الشغلانة بقت صعبة على العامل بسبب تغييرات العقد، يقدر يعمل وقفة احتجاجية؟ (هذه الصيغة تستخدم كلمات أكثر عامية، وتستبدل ""الاعتصام"" بـ ""وقفة احتجاجية"".)"
1710	طيب، لما الواحد ياخد تعويض، بيحسبوا عدد سنين خدمته من أول كام سنة اشتغلها؟ وإيه هي بقى الضوابط اللي لازم تكون موجودة؟
1392	هل استقطاع التأمينات الاجتماعية بيظهر في حساب المرتب، ولا بيتم بشكل منفصل؟ (تركز على ظهور الاستقطاع في كشف المرتب)
1636	هل الموظف اللي بيتضرر ويبلغ عن اللي حصله بيكون في أمان من أي إجراءات تأديبية أو عقابية من صاحب الشغل؟ القانون بيوفرله الحماية اللازمة؟
1023	البريكات اللي بناخدها في الشغل، زي وقت الأكل، بتتضاف على الـ 8 ساعات شغل ولا لأ؟
1131	الواحدة اللي بتشتغل بعد ما تولد، مسموح ليها تغيب كام شهر عن الشغل؟
1098	يعني الواحد ليه كام يوم إجازة طارئة في السنة، زي مثلاً مناسبة مفاجئة أو حاجة ضرورية؟
1296	فيه قانون بيفرض زيادة مرتبات كل سنة؟ ولو فيه، القانون ده بيقول الزيادة لازم تكون كام في المية بالظبط؟ (تغيير كبير في التركيب مع الحفاظ على المعنى)
1198	يعني حقنا في السنة، كام يوم إجازة رسمية بيكونوا بفلوس؟
1437	بفهم منين طريقة حساب مكافأة نهاية الخدمة؟ فيه كلام عن نص شهر للسنة الأولى وشهرين للسنتين اللي بعد كده، بس مش عارف الحسبة دي بتتعمل إزاي.
1262	لو واحد شغال في مكان، وجه صاحب المكان وغير له شروط الشغل المتفق عليها من الأول، هل ده إجراء قانوني سليم؟
1311	عايز أعرف، بالنسبة للتأمين، العلاوات والمكافآت دي بيعتبروها جزء من الأجر اللي بيتحسب عليه نسبة الاشتراك ولا ليها حسبة تانية؟
1887	"بصراحة كده، هل قانون العمل المصري فيه بند واضح وصريح بيجرم ويعاقب على التنمر والتحرش في أماكن الشغل؟ (هذه الصياغة أكثر مباشرة وتستخدم تعبيرات مثل ""بصراحة كده"")."
1161	فيه كام يوم مسموحلي أغيب بسبب المرض مع الحفاظ على مرتبي كامل؟ (تركيز على الحق المتاح)
1821	ممكن الأطفال اللي داخلين في مرحلة المراهقة، يعني اللي عمرهم من 15 لـ 17، ياخدوا دور في مشاريع تنموية أو يشتغلوا شغل تطوعي يخدم الناس؟ (توضيح للمرحلة العمرية وأنواع المشاركة)
1177	فرضًا إن فيه عامل بيشتغل شغلانة فيها خلط، وجاله مرض بيعدي، يبقى من حقه ياخد كام شهر إجازة مرضية عشان يعزل نفسه؟
1586	إيه هو الحد الأقصى للشغل اللي ممكن الست الحامل تعمله في الشركة دي؟ وهل الرقم ده بيتحدد على حسب عدد الموظفات اللي شغالين، يعني لو العدد وصل لكام موظفة؟
1720	إيه اللي بيحصل بالنسبة لمكافأة نهاية الخدمة لما الواحد يستقيل بمزاجه، والشركة توافق؟ القانون بيحكم الموضوع ده إزاي؟ يعني أستحقها ولا مش من حقي؟ (تركز على آلية عمل القانون في حالة الاستقالة)
1435	لو سمحت، ممكن تشرح لي طريقة احتساب مكافأة نهاية الخدمة؟ أنا عارف إن السنة الأولى ليها نص شهر، والسنتين اللي بعديها ليهم شهرين، بس عايز أعرف التفاصيل أكتر.
1620	القانون بيقول إن فيه تفتيش دوري على السلامة، صح؟ طيب، التفتيش ده بيكون كل مدة قد إيه بالظبط؟ (تغيير في ترتيب السؤال وتفصيل بسيط)
1744	مين الطرف اللي بيتحمل قيمة العلاج والتعويضات للعامل لو حصل له أي مكروه أو إصابة وهو بيشتغل؟
1298	"يا ترى فيه زيادة سنوية إجبارية على الأجور ولا الموضوع اختياري؟ وإذا كانت إجبارية، القانون حدد نسبة الزيادة دي بكام في المية؟ (استخدام ""يا ترى"" وتركيز على الاختيارية مقابل الإجبارية)"
1535	محكمة العمل الجديدة بتختص بإيه؟ لو فرضًا فصلتني، ليه هناك حق أروح المحكمة بدون موافقة الحكومة؟
1134	"يا ترى الراجل من حقه ياخد كام مرة إجازة أبوة خلال شغله كله؟ (تركيز على إجازة الأبوة كمرادف لإجازة الولادة، واستخدام كلمة ""شغله"" بدلاً من ""حياته المهنية"")"
1646	إيه الحقوق المادية اللي بتيجي لواحد شغله لما يكمل الستين سنة؟ (زي مكافأة نهاية الخدمة)
1015	القانون بيقول إننا المفروض نشتغل كام ساعة في الأسبوع كحد أقصى؟
1688	"""استمارة ستة"" دي عبارة عن إيه؟ والقانون بيقول إيه بخصوصها دلوقتي؟ (تستخدم كلمة ""عبارة عن إيه"" بشكل أكثر بساطة وعامية)"
1788	"يا ترى أصغر سن ممكن الواحد يشتغل بيه قانوني في مصر كام؟ (تستخدم كلمة ""يا ترى"" للتقديم و ""قانوني"" للتأكيد على الجانب الرسمي)"
1628	يعني القانون بيحمي الناس من التحرش الجنسي في الشغل ولا الموضوع ده مالوش تغطية قانونية؟
1418	يا ترى سن الخروج على المعاش في القطاع الخاص بقى كام سنة في القانون اللي لسه طالع؟
1261	لو مدير الشركة قرر يعدل في العقد اللي بينه وبين الموظف بمزاجه، هل ده صح أصلاً؟
1329	مين بالظبط اللي بيعمل حساب المرتب ويدينا الفلوس، وكمان هو اللي بيدفع الضرائب والتأمين بدلنا؟
1427	عامل فوق سن الستين ينفع يتبقاله مكافأة نهاية الخدمة؟
1475	إيه نماذج التقديم المعتمدة في المعاش؟ وهل بيطلع بعد المعاش بمدة؟
1396	"هل بند استقطاع التأمينات ده بيتضاف ضمن تفاصيل المرتب اللي بستلمه، ولا بيتعاملوا معاه بشكل مختلف؟ (تركز على ""بند استقطاع التأمينات"" و ""تفاصيل المرتب"" لتقديم منظور أكثر تفصيلاً.)"
1036	أحسن حاجة الواحد ياخد راحة بعد كام ساعة شغل متواصل؟
1774	في حالة وجود أي تقصير أو إهمال في إجراءات السلامة شايفه بيحصل قدامي، مين الشخص أو الجهة اللي أقدر أرفع لها الموضوع ده؟ (تركيز على التقصير والإهمال ورفع الموضوع)
1767	هل القانون فيه أي كلام عن قواعد للأمان في مكان الشغل، وهل فيه إلزام بالكشف الطبي المنتظم على العاملين ولا لأ؟
1205	هل ليا يوم بديل ولا أجر مضاعف؟ لو اشتغلت يوم عطلة رسمية، ليَّ؟
1099	قانون الشغل بيدي كام يوم إجازة عارضة في السنة الواحدة، يعني لو حصل ظرف طارئ؟
1338	الفلوس بتاعة مرتبي اللي لسه ما قبضتهاش، بتختفي ولا بتضاف على مرتب السنة الجاية؟
1450	لو موظف طلع على المعاش واشتغل في شغلانة تانية مش متسجلة في التأمينات، ده يأثر على إيه؟
1799	تحت سن 18، فيه قيود على ساعات العمل النهارية؟
1117	"يعني لو طلبت إجازة عشان أذاكر وأمتحن، الإجازة دي هتبقى على حساب إجازتي السنوية ولا ببلاش كده؟ (تغيير كبير في التركيب: استخدام ""طلبت إجازة عشان أذاكر وأمتحن""، ""على حساب إجازتي السنوية"" بدلاً من ""بتتنقص من الرصيد السنوي"")."
1476	إيه الأوراق المطلوبة عشان أقدم على المعاش؟ ويا ترى المعاش بييجي بعد قد إيه من التقاعد؟ (تركز على الأوراق المطلوبة والمدة الزمنية)
1839	بالنسبة للزيادة السنوية اللي هي 3%، دي بتتحط على المرتب الأساسي بتاعي اللي مكتوب في العقد، ولا على المرتب اللي بيحسبوا عليه اشتراكات التأمين؟
1866	يعني القانون بيدي العمال الحق يعملوا نقابات وينضموا لها من غير قيود؟ (تعبير أبسط وأكثر مباشرة)
1180	السؤال: لو فيه واحد بيشتغل في مصنع وبيخلط حاجات، وعنده مرض بينتشر، يقعد في الحجر كام شهر لحد ما يبقى كويس؟
1665	"طيب الواحد لو مات وهو في وظيفته، أسرته تستحق إيه من الشركة أو الحكومة؟ (هنا حددنا جهات ممكنة للدفع مثل ""الشركة"" أو ""الحكومة"")."
1419	الواحد عشان يطلع معاش من شركة خاصة، المفروض يكون عنده كام سنة حسب القانون الجديد؟
1807	إيه اللي القانون قاله تحديدا عن حظر تشغيل الأطفال بالليل أو في أي شغلانة ممكن تضرهم؟
1114	فيه نظام معين لإجازات المذاكرة للموظفين اللي بيديروا الامتحانات في الجامعة؟ يعني، كام يوم إجازة بياخدوا؟ (تركيز على وجود نظام محدد والسؤال عن عدد الأيام كجزء من النظام)
1569	لو ست اشتغلت بعد الولادة على طول، يا ترى القانون بيحمي حقوقها في الشغل، ولا الواقع حاجة تانية؟
1706	بفرض إني مشيت من الشغل بطريقة غير قانونية، إيه هي الإجراءات اللي أعملها عشان أخد حقي كتعويض؟ وهل فيه سقف معين للتعويضات دي في مصر؟ (تغيير كبير في الصياغة مع التركيز على الإجراءات)
1196	طيب، المفروض الواحد ياخد كام يوم إجازة رسمية في السنة وياخد فلوسه كاملة؟
1632	يعني لو حد اتعرض لأذية في شغله وراح اشتكى، مديره مبيقدرش ياخد ضده أي إجراء؟ القانون واقف في صف اللي اتأذى فعلًا؟
1360	أنا دخلت تدريب تبع الشركة، بس خايف أمشي بعد كده عشان العقد بيقول إني هرجع تمن التدريب لو استقلت. إيه اللي القانون بيقول عليه في حالة زي دي؟ (يعبر عن القلق بشأن الاستقالة المحتملة).
1404	يا ترى نسبة مساهمة العامل وصاحب الشغل في الاشتراكات بتكون إزاي؟ يعني كل واحد بيدفع قد إيه من الاشتراك؟
1828	لو حد عنده أقل من 15 سنة، لازم يكون معاه ورقة تثبت إنه متعلم أو واخد شهادة عشان يعرف يعمل حاجات معينة؟ (تركز على فكرة وجود ورقة رسمية تثبت التعليم كشرط للقيام بأشياء معينة لمن هم دون الـ 15)
1137	"الراجل يقدر ياخد إجازة عشان مراته خلفت كام مرة في خلال شغله؟ (إعادة صياغة السؤال بشكل أوضح، مع التركيز على سبب الإجازة وهو ولادة زوجته، واستخدام كلمة ""خلفت"" باللهجة المصرية العامية)"
1770	لو فيه مشاكل في الأمان اكتشفتها في الشغل، أروح أشتكي لمين عشان الموضوع يتصلح؟ (تركيز على الشكوى والتصليح)
1491	يعني بالبلدي كده، مينفعش صاحب العمل يمشي حد من غير ذنب؟ القانون بيسمح بحاجة زي دي ولا بيحمي العامل من الظلم ده؟
1377	لو اكتشفت إن فيه فرق في المرتب بسبب غلطة من الشركة، ممكن أطالب بتعديله بعد ما استلمته؟ والقانون بيحمي حقوقي ازاي في وضع زي ده؟
1343	الأجر الإضافي (ساعات العمل الإضافية) بيتحسب بنسبة كام ليلًا ونهارًا؟
1601	لازم يكون في طبيب عمل أو طبيب متخصص داخل المصانع؟
1211	القانون بيحدد كام نوع لعقد العمل في القطاع الخاص؟
1401	طب بصراحة، صاحب العمل ملزم يدفع تأمينات للموظف بتاعه من أول ما يمسك الشغلانة ولا فيه فترة سماح؟
1510	بصراحة، أنا محتار، لو عايز أتراجع عن الاستقالة، أبلغهم إزاي الأول؟ ويا ترى القانون سامحلي بفترة أد إيه عشان أغير رأيي في موضوع الاستقالة ده؟ (هذا السؤال يعبر عن الحيرة ويسأل عن طريقة التبليغ والفترة المتاحة لتغيير الرأي).
1378	دلوقتي لو فيه مشكلة في صرف المرتب بسبب خطأ من الشركة، هل أقدر أعدل المبلغ ده وأطالب بحقي بعدين؟ وايه الضمانات القانونية اللي بتحمي الموظف في حالة زي دي؟
1092	يا ترى الناس اللي بتشتغل شغلانات فيها خطر زي المناجم ولا مصانع الكيماويات، بياخدوا أجازة زيادة قد إيه بالظبط؟ (تركيز على مقدار الإجازة الزيادة)
1013	كام عدد ساعات العمل القانونية في الأسبوع؟
1212	إيه هي أنواع عقود الشغل اللي القانون المصري قايل عليها في الشركات الخاصة؟
1091	العمال في الأعمال الخطرة زي التعدين أو الكيماويات بياخدوا كام يوم إضافية؟
1416	القانون الجديد بيقول، سن المعاش في شركات القطاع الخاص بقى كام دلوقتي؟
1410	إيه هي الطريقة اللي بيتحسب بيها أقل وأعلى مبلغ ممكن يتأمن عليه الواحد؟
1613	هل في حد أدنى لتوفير وسائل الحماية بشكل قانوني؟ مثلًا خوذة أو زي حماية؟
1443	واحد شغال في شركة خاصة وصل سن الستين، يا ترى إيه اللي بيستحقه بعد كده؟ هل في أي مبالغ بتتصرف له من الشركة، ولا هو ماشي تبع نظام التأمين وخلاص؟
1122	يا ترى الأب بياخد كام يوم إجازة لما مراته تولد؟ (تعبير عامي أكثر، يسأل عن المدة بشكل غير رسمي)
1080	بعد سن الخمسين، حق الموظف كام يوم إجازة في السنة؟ (تركز على حق الموظف في الإجازة)
1384	إيه هو الحد المسموح به قانونًا لو الشركة خصمت من مرتبي مقابل الأدوات أو الملابس اللي بستعملها في الشغل؟ (تركيز على الحد القانوني واستخدام المعدات في الشغل)
1318	إيه أقصى نسبة أو مبلغ ممكن يتخصم من مرتبي الشهري كديون أو سُلف؟ عايز أعرف المسموح بيه قانونًا.
1574	"هل فيه مشكلة لو الشركة أدت أفضلية للموظفة اللي لسة والدة، سواء كانت لسة في إجازة الوضع أو رجعت الشغل قريب؟ (هذه الصيغة تستخدم كلمة ""مشكلة"" وتوضح ""أفضلية"" بدلاً من ""تفضل"")"
1448	إيه وضع اللي بيوصل لسن المعاش وياخد معاشه، وبعد كده بيشتغل في حتة ملهاش علاقة بالتأمين؟
1812	إيه هي الضوابط والقواعد اللي لازم يعرفها أي طالب بيدرس وعاوز يشتغل شغلانة نص دوام؟
1287	مفيش طريقة أقبض مرتبي بالكامل يدوي؟ ولا لازم الشركة تحوله على حساب بنكي ليا؟
1596	إيه هي إجراءات السلامة اللي المفروض صاحب الشغل يوفرها للعمال حسب القانون؟
1182	مدة إجازة الحج والعمرة قد إيه، ويا ترى مين اللي ليه الحق ياخدها؟ (تغيير في التركيب واستخدام كلمات عامية أكثر)
1516	لو أنا كتبت استقالتي وقدمتها، بس الشغل مرديش يمضي عليها، أقدر أعمل حاجة تانية؟ (تركيز على الخيارات المتاحة)
1342	الجزء اللي اتبقى لي من مرتبي اللي ما صرفتوش، بيروح كده على الشركة ولا هيرجع لي في مرتب السنة الجديدة؟
1845	"دلوقتي الحد الأدنى زاد ست تلاف وسبع تلاف جنيه، ليه بقى الشركات دي مش راضية تدفع زياده؟ إيه اللي بيحصل بالظبط؟ (تركيز على عدم الرغبة في الدفع واستخدام ""إيه اللي بيحصل بالظبط؟"" للاستفسار بشكل أعمق)"
1350	أقصى مبلغ ممكن يتخصم من المرتب أد إيه؟ (أد إيه = كم)
1108	لو خدت إجازة في الفترة دي، ده هيقلل من رصيد إجازتي السنوية العادية، ولا ده وضع مختلف ومش هياثر عليها؟
1184	"لو واحد هيسافر الحج أو العمرة، ياخد إجازة مدتها كام شهر؟ ومين الناس اللي مسموح ليها بالإجازة دي؟ (تغيير في ترتيب السؤال واستخدام كلمة ""مسموح"" بدلاً من ""يستحق"")"
1477	إزاي أقدر أقدم طلب صرف المعاش؟ وهل فيه وقت محدد بين نهاية الخدمة واستلام المعاش؟ (تركز على كيفية التقديم ووجود فترة محددة)
1021	يعني الواحد لما بياخد وقت عشان ياكل أو يستريح شوية، بيتخصم من الـ 8 ساعات بتوع الشغل ولا محسوبين عليهم؟
1441	لما موظف في شركة خاصة يبلغ الستين سنة، إيه وضعه بالنسبة للمعاش؟ الشركة بتدفع له حاجة ولا كل حاجة بتيجي من التأمينات؟
1408	بخصوص الاشتراكات، ممكن توضحلي مين بيدفع كام؟ يعني العامل بيساهم بقد إيه وصاحب الشغل بيكمل الباقي؟
1461	لو واحد شغال في شركة، ممكن ياخد المكافأة اللي المفروض ياخدها بعد التقاعد بدري شوية، ولا ده ميصحش؟
1187	شرط إيه علشان أقدر أخد إجازة الحج؟ سن معين أو سنوات خدمة؟
1158	قانون الشغل بيقول إيه عن عدد أيام الإجازة المرضية المدفوعة؟ (تركيز على القانون)
1668	بالنسبة للتأمين الصحي، هل يشمل علاج أي أمراض الواحد ممكن يصاب بيها بسبب شغله؟ (تركيز على شمولية التأمين)
1670	لو حصلتلي مشكلة صحية بسبب الشغل، هل أقدر أعتمد على التأمين الصحي بتاعي في العلاج؟ (تركيز على الاعتماد على التأمين)
1861	إيه الآليات اللي حطها قانون الشغل الجديد عشان يحمي الموظفين من أي تفرقة أو معاملة وحشة في الشغل؟
1694	أنا استعجلت و ما استنيتش العشر أيام بتوع التراجع. هل ده صح ولا غلط؟ و أصلاً، القانون محدد كام يوم عشان الواحد يقدر يسحب استقالته؟ (هذه الصيغة تسأل عن صحة التصرف و تؤكد على إمكانية سحب الاستقالة)
1577	في قانون العمل الجديد، فين العلامات (التمييزية للحاملات) زي إيه؟
1299	فيه حاجة في القانون بتلزم الشركات بزيادة المرتبات كل سنة؟ ولو فيه، نسبة الزيادة دي القانون بيقول عليها إيه بالظبط؟ (التركيز على إلزام الشركات ونسبة الزيادة المحددة)
1190	"""لو واحد عايز يقدم على إجازة حج، إيه اللي المفروض يكون موجود فيه علشان طلبه يتقبل؟ فيه اشتراطات خاصة بالعمر أو المدة اللي قضاها في الشغل؟"""
1428	هل فيه أي استثناءات أو قوانين تمنع صرف مكافأة نهاية الخدمة لشخص عنده أكتر من ستين سنة وبيشتغل؟
1019	ساعات الراحة (زي الغداء أو فترات راحة) بتتحسب ضمن الـ8 ساعات؟
1280	نظام قبض المرتب إيه؟ بتاخدوه كل شهر، كل أسبوع، ولا على قد الشغل اللي اتعمل في اليوم؟
1077	أعرف منين المدة اللي لازم أقضيها في الشركة عشان الإجازة السنوية بتاعتي تزيد وتبقى 30 يوم؟
1674	مين المسؤول عن دفع تكاليف العلاج والتعويضات لو حد حصله إصابة خطيرة وهو بيشتغل؟
1354	يعني أخر الخصومات اللي ممكن تتخصم من الراتب كام بالظبط؟ إيه الحد الأقصى؟
1453	طيب، هل فيه إمكانية الواحد يختار معاد التقاعد بتاعه بمزاجه؟ ولو فيه، إيه الخطوات اللي المفروض يعملها؟
1484	تحت أي ظروف يقدر رب العمل يسرح العامل اللي عنده؟ وهل ضروري يبقى فيه حكم من المحكمة عشان التسريح ده يبقى قانوني؟
1039	لو اشتغلت 6 أيام في الأسبوع من غير فاصل، يبقى ليا كام ساعة راحة أسبوعية؟
1793	هل 14 سنة ممكن يشتغل؟ القانون قالت للتدريب من 14 والتوظيف من 15؟
1005	أقل حاجة الواحد لازم يشتغلها في اليوم كام ساعة عشان تبقى قانونية ومفيش مخالفة؟
1288	ممكن آخد المرتب بتاعي كله فلوس مباشرة من غير ما يتحط في البنك؟ ولا ده إجباري؟
1545	في شهور الحمل، من أول شهر كام المفروض الست الحامل متشتغلش نفس عدد الساعات اللي كانت بتشتغلها قبل الحمل؟
1362	"لو قبضت فلوس زيادة عن حقي أو أخدت سلفة وبعد كده رجعوني لمرتبي القديم، هل ممكن يحطّوا الموضوع ده تحت بند ""ظروف طارئة""؟"
1283	لازم يكون في حساب بنكي لصرف المرتب ولا يجوز كاش بالكامل؟
1227	في قانون العمل، فترة الاختبار ممكن تمتد لحد قد إيه؟ (بيسأل عن المدة القانونية لفترة الاختبار)
1819	بالنسبة للمرحلة العمرية من 15 لـ 17 سنة، هل مسموح ليهم يشتغلوا في مشاريع صغيرة أو يشاركوا في أعمال لخدمة المجتمع؟ (تركيز على السماح القانوني أو التنظيمي)
1573	"مسموح للشركة تدي ميزات أو معاملة خاصة للموظفة الحامل سواء في فترة إجازة الوضع أو أول ما ترجع شغل؟ (هذه الصيغة تستخدم كلمة ""مسموح"" وتوضح المقصود بـ""تفضل"" باستخدام ""ميزات أو معاملة خاصة"")"
1610	"لو حصلت مشكلة أو حد اتأذى، مين اللي هيتحاسب؟ (تستخدم ""مشكلة"" بدل ""حادث""، و""اتأذى"" بدل ""إصابة""، و""يتحاسب"" للإشارة إلى تحمل العواقب)"
1502	"إيه الحكمة من وجود حاجة اسمها ""استقالة"" وحاجة اسمها ""إنهاء خدمة""، ويا ترى إيه الفرق بينهم من ناحية القانون، وإمتى الموظف بيكون ليه حرية الاختيار؟ (هذا السؤال يستفسر عن الحكمة من وراء وجود المصطلحين، ويسأل عن الفرق القانوني بينهما وحرية اختيار الموظف.)"
1327	يا ترى مين اللي بيتولى مهمة تجهيز المرتبات ودفعها، وكمان بيخصم الضرائب والتأمين؟
1067	السنة الأولى بيتاح 15 يوم إجازة، وبعدين في السنة التانية يبقى كام يوم؟
1848	"""هل فيه أساس قانوني يلزم بزيادات المرتبات كل سنة، زي النسبة اللي اتحددت في الحكم بتاع الـ 3% ده؟"" (هذا السؤال يركز على الإلزام القانوني وعلى أساس تحديد النسبة)."
1606	هل فيه أي قوانين بتوجب وجود دكتور مسؤول عن صحة العمال أو دكتور شغل جوة المصانع؟
1002	الشغلانة المفروض الواحد يشتغلها في اليوم بتاخد كام ساعة حسب القانون؟
1046	فيه إمكانية إني أغيب يوم كامل كل أسبوع و المرتب بتاعي مينقصش؟
1284	مينفعش استلم مرتبي كله فلوس في إيدي؟ ضروري يبقى فيه حساب في البنك؟
1837	لما بيقولوا فيه زيادة 3% في السنة، الزيادة دي بتكون محسوبة على أساس الراتب الفعلي اللي بقبضه، ولا الراتب اللي بيتعمل عليه التأمين؟
1857	لو الإدارة ثبتت المرتبات ومزودتش، ده كده بيخالفوا القانون ولا ده نظام شغلهم عادي؟
1053	طيب، لو جم يشتغلوا يوم الأحد، ممكن ده يتخصم من إيجار الأسبوع بتاعهم؟ القانون بيعتبر الموضوع ده إزاي يعني؟
1743	في حالة وقوع حادث أو إصابة أثناء العمل، على مين تقع مسؤولية تغطية العلاج والتعويضات المستحقة؟
1707	"يعني لو الشركة مشيتني من غير سبب مقنع، إيه الخطوات اللي لازم أتبعها علشان آخد تعويض؟ وهل فيه مبلغ محدد هو أقصى قيمة ممكن التعويض يوصلها؟ (استخدام ""خطوات لازم أتبعها"" بدلاً من ""بكسب تعويض إزاي"")"
1885	"هل توجد مادة قانونية بتجرم أي نوع من أنواع التنمر أو التحرش اللي بيحصل في محيط العمل؟ (هذه الصياغة تستخدم مصطلحات قانونية أكثر مثل ""مادة قانونية"" و ""محيط العمل"")."
1529	محكمة القضاء الإداري (استقالة) ولا خدمة؟ خدمة القانون اللى بيتعامل مع الاستقالة؟
1209	بصراحة، أنا عايز أعرف لو اشتغلت في يوم إجازة، ليا حق في يوم بديل ولاّ المفروض آخد فلوس ضعف اليوم؟ إيه الصح؟ (التعبير عن الرغبة في معرفة الحق، مع التأكيد على وجود معيار صحيح)
1352	ممكن أعرف أقصى قيمة للخصومات اللي ممكن تتسحب من مرتبي؟
1216	إيه تصنيفات عقود العمل اللي القانون حاططها للناس اللي بتشتغل في شركات خاصة؟
1289	آخر مرة تم تحديد الحد الأدنى للأجر في القطاع الخاص كان كام جنيه؟
1279	المرتب بيتدفع على أي أساس؟ بالشهر، بالأسبوع، ولا باليوم؟
1862	إزاي قانون العمل الجديد بيضمن إن مفيش حد يتظلم أو يتعرض لمضايقات بسبب جنسه أو دينه أو أي سبب تاني في الشغل؟ إيه اللي بيعمله بالتحديد؟
1110	بالنسبة لموظف مسؤول عن الامتحانات في الجامعة، كام يوم إجازة مسموح له ياخدهم علشان يذاكر؟ (تركيز على السماح وعدد الأيام)
1119	"بالظبط كده: لو الواحد واخد إجازة للمذاكرة في فترة الامتحانات، بيتحسب عليه من إجازته العادية ولا بتكون إجازة خاصة مش بتأثر على الرصيد؟ (تقديم توضيح إضافي: ""فترة الامتحانات"" بدل ""أيام الامتحانات"",  ""إجازته العادية"" بدل ""الرصيد السنوي"" واستخدام ""إجازة خاصة مش بتأثر على الرصيد"")"
1851	"""بصراحة، هل فيه أي سند قانوني يخلينا متأكدين إننا هناخد زيادة في المرتب كل سنة، بنفس الطريقة اللي حكمت بيها المحكمة بنسبة الـ 3%؟"" (هذا السؤال يركز على التأكيد القانوني على الزيادة)."
1138	"في شغله، الراجل ليه الحق في كام إجازة ولادة؟ يعني يقدر ياخدها كام مرة في حياته الوظيفية؟ (تقسيم السؤال إلى جزأين لتوضيح المعنى، واستخدام ""حياته الوظيفية"" كمرادف لـ ""حياته المهنية"")"
1107	هل الإجازات اللي بنحصل عليها دلوقتي محسوبة من الإجازة السنوية اللي بنستحقها كل سنة ولا ليها حسابات مختلفة؟
1307	العلاوات والحوافز بتدخل في حساب المرتب للتأمين ولا لا؟
1009	ممكن الشغل يلزمني إني أداوم أكتر من 8 ساعات يومياً؟ (تركيز على الإلزام و المداومة)
1310	بالظبط كده، لما بيحسبوا مبلغ التأمين، بياخدوا في الاعتبار الفلوس الزيادة اللي بتيجي من العلاوات والحوافز ولا بيحسبوا على المرتب الأساسي بس؟
1691	مقدرتش استنى عشرة أيام للتراجع؟ القانون حدد فترة التراجع للاستقالة كام يوم؟
1576	"هل فيه أي مانع لو الشركة قدمت تسهيلات أو امتيازات للموظفة الحامل اللي واخده إجازة وضع أو اللي رجعت الشغل بعدها علطول؟ (هذه الصيغة تستخدم ""تسهيلات أو امتيازات"" وتوضح حالة الموظفة بشكل مفصل)"
1292	معلش، ممكن تعرفني آخر مرة تم فيها تحديد قيمة الحد الأدنى للأجور في القطاع الخاص، القيمة كانت كام؟
1379	خصم قيمة الأدوات أو زي العمل من المرتب مسموح تاخد كام؟
1805	ممنوع تشغيل القصر ليلا أو في أعمال خطيرة، القانون قال إيه؟
1798	في سن 14 سنة، الواحد ممكن يشتغل قانوني؟ ولا لازم يستنى لما يبقى عنده 15 سنة عشان يقدر يشتغل بشكل رسمي؟
1358	"فيه تدريب خدته من الشركة بتاعتي، والعقد فيه شرط جزائي إني لو استقيلت قبل ما أخلص مدة معينة أدفع فلوس التدريب. إيه وضع الشرط ده من ناحية القانون؟ (يستخدم مصطلح ""شرط جزائي"" لإضافة دقة قانونية أكثر)."
1660	السؤال بالبلدي: الفلوس دي بندفعها للموظف لو قرر يسيب الشغل بعد سن معين، ولا دي بس للناس اللي الشركة بتستغنى عنهم؟
1584	يا ترى لو الشركة فيها عدد موظفات يتخطى كام واحدة، بيكون أقصى شغل مسموح بيه للحوامل عندهم؟
1519	لو القانون حاطط ليميت أو حد أقصى للتعويضات، ده معناه إن حتى لو القضية تستاهل أكتر، مش هاخد غير المبلغ اللي القانون محدده؟
1602	ضروري يبقى فيه دكتور شغل أو دكتور متخصص موجود في المصانع؟
1076	بعد خدمة كام سنة في المؤسسة، الواحد بيوصل لمرحلة إن إجازته السنوية تبقى 30 يوم؟
1103	الأيام دي بتخصم من الإجازة السنوية ولا تحسب فوق السنوية؟
1777	هو شرط أساسي وجود لجنة سلامة في كل مكان شغل كبير؟ القانون قال لازم نعمل كده يعني؟
1010	هل وارد إني أضطر أشتغل زيادة عن الـ 8 ساعات في اليوم في الشغل ده؟ (تركيز على احتمال الاضطرار و الزيادة)
1075	لو اشتغلت في الشركة دي، محتاج اشتغل كام سنة عشان استحق إجازة سنوية مدتها شهر كامل؟
1561	الأم اللي بترضع في الشغل، ساعات الرضاعة دي بتتحسب لها شغل ولا بتضيع عليها؟
1469	هل العامل ممكن يشتغل في المعاش؟ وهل يلاقي صعوبة؟
1308	يا ترى العلاوات والتحفيزات بتتحسب ضمن الأجر اللي بيتخصم منه التأمين الاجتماعي ولا لأ؟
1135	"الراجل ممكن يستفيد من إجازة رعاية مولود جديد كام مرة في تاريخ وظيفته؟ (استخدام مصطلح ""إجازة رعاية مولود جديد"" واستبدال ""حياته المهنية"" بـ ""تاريخ وظيفته"")"
1779	بالذمة، أي مكان كبير بيشتغل فيه ناس كتير لازم يكون عامل لجنة علشان تحافظ على السلامة؟ ده إجباري ولا اختياري؟
1595	صاحب العمل عليه يوفر وسائل حماية للعمال؟ القانون قال إيه؟
1245	العقد ده إجباري يبقى بالعربي؟ طب لو شركة اللي بتمضي معانا مش مصرية، ينفع يكون مكتوب بلغتهم الأصلية ولا مينفعش؟
1582	إيه هي أوجه الاختلاف أو التمييز اللي القانون الجديد عملها لصالح الستات الحوامل في الشغل؟
1210	"دلوقتي، لو اشتغلت في يوم إجازة رسمي، آخد يوم راحة قصاده ولاّ بيحسبوه بضعف المرتب؟ يعني المفروض إيه اللي يحصل؟ (تقديم خيارات ""يوم راحة قصاده"" و""ضعف المرتب"" بشكل مباشر وأكثر وضوحًا)"
1268	"يعني لو العامل شايف إن التعديلات اللي في العقد دي مش ماشية معاه، مسموح له يوقف شغله ويعترض؟ (هذه الصيغة تستخدم تعبير ""مش ماشية معاه"" للتعبير عن عدم القدرة على العمل، وتستخدم مصطلح ""يوقف شغله ويعترض"" بدلا من الاعتصام.)"
1790	"علشان الواحد يشتغل شغلانة في مصر، لازم يكون عنده كام سنة على الأقل؟ (تستخدم عبارة ""علشان الواحد يشتغل شغلانة"" للتوضيح و ""على الأقل"" للتأكيد على الحد الأدنى)"
1536	طيب، محكمة الشغل الجديدة دي شغلها إيه بالظبط؟ وإفرض يعني الشركة طردتني، إيه اللي يخليني أقدر أروح المحكمة دي من غير ما أستأذن الحكومة؟ (تركز على التوضيح والشرح البسيط)
1876	"سؤال، لو حصلت أي خلافات في الشغل، زي مثلاً تأخير في صرف الرواتب، هل ممكن نلجأ للإضراب كوسيلة احتجاج؟ وإيه موقف القانون من التصعيد ده؟ (استخدام كلمة ""تصعيد"" للإشارة إلى الإضراب وسؤال عن موقف القانون من هذا التصعيد)"
1084	يا ترى، الموظف اللي عنده 50 سنة أو أكتر، بياخد كام يوم إجازة مدفوعة الأجر في السنة؟ (تضيف تفصيلاً بأن الإجازة مدفوعة الأجر).
1041	أنا شغال 6 أيام أسبوعياً، طيب إجمالي عدد ساعات الراحة الأسبوعية بتاعتي كام؟
1773	لو لاحظت أي حاجة خطر أو مخالفة لقواعد السلامة في مكان الشغل، مين المسؤول اللي المفروض أوصل له المعلومة دي؟ (تركيز على المسؤولية وتوصيل المعلومة)
1123	قانونًا، الأب من حقه ياخد إجازة والدية مدتها قد إيه لما البيبي يجي؟ (صياغة رسمية أكثر، تسأل عن الحق القانوني)
1414	ممكن تشرحلي إزاي بيتم تحديد سقف الأجر التأميني، يعني إيه هو أقل رقم وأعلى رقم ممكن يتخصم منهم للتأمين؟
1241	لازم العقد يكون مكتوب باللغة العربية بس؟ ولا لو الشركة أجنبية يكتب باللغة التانية؟
1880	"طبقا لقانون العمل، هل الشركات مجبرة إنها تلتزم بمعايير معينة للنضافة والأمان في مكان الشغل، زي مثلاً وجود إضاءة كافية وتهوية مناسبة؟ (استخدام مصطلحات أكثر رسمية مثل ""معايير"" و""مكان الشغل"")"
1695	ليه ما قدرتش أصبر عشر أيام؟ هو فيه قانون بيحدد المدة اللي ممكن الواحد يرجع فيها عن استقالته؟ يا ترى المدة دي كام يوم؟ (هذه الصيغة تتساءل عن سبب عدم الصبر وتسأل بشكل مباشر عن المدة المحددة قانونًا)
1191	"""إيه المعايير اللي بناءً عليها بتتمنح إجازة الحج؟ هل فيه عوامل زي السن أو عدد سنوات الخبرة بتلعب دور في الموافقة عليها؟"""
1083	لو الموظف سنه فوق الـ50، القانون بيقول ياخد كام يوم إجازة في السنة؟ (تركز على الجانب القانوني للإجازة).
1521	طب فرضًا كسبت قضية تعويض، هل فيه احتمال إني ماخدش المبلغ اللي بستحقه بالكامل بسبب وجود حد أقصى للتعويضات في القانون؟
1737	مفروض يبقى فيه جوه المؤسسة حد متخصص في الصحة المهنية، زي دكتور شغل أو واحد مدرب على الإسعافات، ولا مش لازم؟
1729	يا ترى القانون بيقول إيه عن مسؤولية صاحب العمل في إنه يدي للعاملين بتوعه كل أدوات السلامة والوقاية اللازمة؟
1711	يعني عشان الواحد يستحق التعويض، لازم يكون اشتغل كام سنة بالظبط؟ وإيه هي المحددات اللي بيحطوها في الاعتبار؟
1515	فرضًا أنا سيبت الشغل وقدمت استقالتي، بس الإدارة رفضت تمشيها، كده يعتبروني لسه شغال ولا إيه بالظبط؟ (تركيز على الحالة الوظيفية)
1489	طب هو لو اترفد فجأة بدون ما يكون عمل حاجة غلط، يبقى كده الشركة خالفت القانون ولا إيه؟ الفصل ده يبقى تعسفي؟
1746	لو العامل شغله خطر عليه ومفيش وسائل أمان، هل القانون بيسمح له إنه ميعملش الشغل ده؟
1059	بصراحة كدة، لما بناخد إجازة معتمدة من الدولة، زي يوم الجمعة، اليوم ده بيتحسب علينا كأنه يوم اشتغلناه ضمن الأسبوع ولاّ بيروح كدة من غير حساب؟ (تركيز على المصداقية والسؤال المباشر)
1322	ممكن ياخدوا أكتر من ربع المرتب بتاعي خصومات؟
1630	هل القانون بيجرم التحرش الجنسي في بيئة العمل ولا دي حاجة مش متجرمة؟
1556	في قانون الشغل المصري، إيه هي المدة الزمنية اللي المفروض تشتغلها الست اللي بترضع، و كام مرة تقدر تاخد بريك للرضاعة في اليوم؟
1701	لو قررت امشي من الشركة، هل فيه ورق أو تصديق لازم اخده من مكتب العمل عشان اضمن حقي بعد كده؟ (تركيز على الحقوق بعد الاستقالة)
1223	عقود التجربة مدتها كام شهر بحد أقصى؟
1304	لو سمحت، عايزين نفهم، الزيادة السنوية اللي هي 3% دي، بتتضاف على الراتب اللي بنقبضه كل شهر، ولا على الراتب اللي التأمينات بتتعامل بيه؟ (تركيز على شرح عملية الإضافة وأطراف التعامل)
1717	لو الشركة وافقت على استقالتي، يعني كله تمام بالتراضي، هل ده يغير حاجة في موضوع مكافأة نهاية الخدمة؟ القانون بيقول إيه في حالة زي دي؟ (تركز على تأثير الموافقة على الاستقالة)
1159	لو عييت، أقدر اخد كام يوم مرضي بفلوسي كاملة؟ (تركيز على تجربة شخصية للمتحدث)
1499	"ليه في ""استقالة"" و""إنهاء خدمة"" وبعضها قانوني وتطوعي؟"
1570	بعد ما الست بتولد، لو رجعت الشغل بدري، إيه حقوقها القانونية في شغلها، وهل ده مضمون في الواقع العملي؟
1635	لو واحد أو واحدة اتظلموا في شغلهم وقدموا شكوى، هل صاحب العمل يقدر يعمل لهم حاجة تضرهم بعد كده؟ ولا القانون بيحمي الناس دي من أي تداعيات؟
1293	فيه حد يعرف آخر مرة اتحدد فيها أقل مرتب في القطاع الخاص كان كام جنيه؟
1466	عاوز أعرف، إيه اللي بيميز المكافأة عن التعويض لما نيجي نصرفهم؟ يعني إيه اللي بيخلي ده مكافأة وده تعويض؟
1816	أيه هي الإرشادات اللي بتنصحوا بيها أي طالب في أي مرحلة تعليمية لو قرر يشتغل شغلانة بارت تايم؟
1400	فيه إلزام على أصحاب الأعمال بتسجيل الموظفين في التأمينات الاجتماعية من بداية شغلهم في الشركة؟
1003	القانون بيقول الواحد يشتغل كام ساعة في اليوم بحد أقصى؟
1802	"القانون بيقول إيه بالنسبة لعدد ساعات شغل الشباب اللي تحت الـ 18 في النهار؟ فيه تحديد معين؟ (استخدام كلمة ""القانون"" والتأكيد على وجود ""تحديد معين"")"
1169	هل ممكن أحول الإجازة المرضية لإجازة سنوية؟
1869	مش المفروض القانون بيأكد حق كل عامل في إنه يكون عضو في أي نقابة تعجبه أو حتى يعمل نقابة جديدة بنفسه؟ (تركيز على الحق الفردي ووجود بدائل)
1789	"القانون المصري بيسمح للعيال تشتغل من سن كام بالظبط؟ (تستخدم كلمة ""العيال"" و ""بالظبط"" للتعبير عن الاستفسار بطريقة عامية وأكثر مباشرة)"
1219	إيه الفرق الجوهري بين عقد العمل اللي فيه تاريخ نهاية وعقد العمل المفتوح اللي ملوش تاريخ نهاية؟
1493	لو وقعت استقالة تحت ضغوط ينفع ألغيها ولا القانون بيعتبرها نهائية؟
1650	إزاي بيتم حساب مبلغ نهاية الخدمة؟ قصدي، النص شهر عن السنين الأولى والشهر الكامل بعد كدة بيتحسبوا إزاي بالظبط؟
1721	محكمة العمل الجديدة بتشتغل إزاي لو فرضًا اتفصلت؟ ليه حالًا حق أروح المحكمة بدون موافقة الحكومة؟
1171	فيه إمكانية إني أخد إجازة اعتيادية بدل الإجازة المرضية اللي واخدها؟
1243	العقد ده شرط أساسي يبقى باللغة العربية؟ طب لو شركة أجنبية طرف معانا، ينفع يبقى بلغة تانية غير العربي؟
1888	هل فيه أي مواد في القانون بتنص على تجريم أفعال زي التنمر أو التحرش اللي ممكن تحصل بين الزملاء أو من الرؤساء في الشغل؟ (هذه الصياغة تحدد أكثر من قد يكون المتنمر أو المتحرش - الزملاء أو الرؤساء).
1016	عدد ساعات العمل الأسبوعية اللي القانون بيحددها أد إيه؟
1554	إيه حقوق الأم العاملة اللي بترضع طفلها في قانون العمل من ناحية عدد ساعات الشغل أو وقت الرضاعة المخصص ليها في اليوم؟
1052	هل فيه إمكانية إن شغل يوم الأحد يكون بديل للإيجار اللي بيدفعوه كل أسبوع؟ إيه اللي بيقوله القانون في الموضوع ده بالتحديد؟
1631	صاحب العمل مينفعش يعمل إجراء ضد الضحية لو اشتكت؟ القانون بيحمي الضحايا؟
1564	لو أم بترضع طفلها في الشغل، وقت الرضاعة ده بيعتبر جزء من الدوام الرسمي بتاعها ولا لازم تعوضه بعدين؟
1454	يعني، هل الشخص يقدر يقرر وقت ما ياخد معاشه بإرادته الكاملة؟ ولو الإجابة بنعم، ازاي يقدر يحقق ده؟
1078	إيه الفترة الزمنية اللي لازم الواحد يشتغلها في الشركة عشان يقدر ياخد إجازة سنوية مدتها 30 يوم؟
1256	فيه إلزام قانوني إن توقيع العقد يكون في مكان معتمد زي مكتب العمل ولا التوقيع العادي كفاية؟
1803	"لو واحد أو واحدة عمرهم أقل من 18، هل يقدروا يشتغلوا أي وقت في النهار ولا فيه شروط معينة على مواعيد شغلهم؟ (استخدام ""واحد أو واحدة"" و ""شروط معينة"" للتوضيح)"
1809	القانون بيوضح إيه بخصوص منع الأطفال من الشغل بالليل أو في أعمال فيها خطورة عليهم؟ عايزين نعرف التفاصيل.
1188	"""إيه المتطلبات اللي لازم تتحقق علشان الواحد يقدر يطلع ياخد إجازة حج؟ فيه شروط متعلقة بالعمر مثلًا، أو عدد سنين الشغل؟"""
1751	القانون بيجرم التنمر والسلوكيات المسيئة في مكان العمل؟
1144	بعد إجازة الأمومة، الست العاملة ليها ضمان إنها هترجع لنفس منصبها ومسؤولياتها اللي كانت ماسكاها قبل كده؟
1874	يعني لو فيه مشاكل في الشغل، زي مشاكل بين الموظفين والإدارة، أو المرتبات مش بتيجي في ميعادها، هل الإضراب يعتبر حل قانوني؟ القانون المصري بيسمح بالإضراب في ظروف زي دي ولا لأ؟ (تركيز على الإضراب كحل قانوني واستفسار مباشر عن سماح القانون المصري)
1784	"يا ترى في حد متخصص في الصحة بيراقب أوضاع المستشفى بتاعتنا؟ (كلمة ""يراقب"" تعطي معنى أوسع من الفحص)"
1640	في إلزام قانوني على أصحاب المصانع والمحلات إنهم يعرفوا تاريخ الموظفين الإجرامي قبل ما يشغلوهم، ولا ده مش ضروري عشان إجراءات السلامة؟ (تغيير في الكلمات والتعبير عن ضرورة معرفة التاريخ الإجرامي للموظف).
1836	الـ 3% الزيادة السنوية دي بتتحسب على المرتب اللي باخده صافي، ولا المرتب اللي بيتسجل في التأمينات؟
1255	يا ترى لازم نروح مكتب حكومي عشان نمضي العقد ولا ممكن نمضيه في أي مكان؟
1112	الموظف اللي بيشرف على الامتحانات الجامعية، ايه عدد أيام إجازة المذاكرة اللي بياخدها في العادة؟ (تركيز على العادة وعدد الأيام المتعارف عليه)
1348	"إيه هو المعدل اللي بيضربوا فيه الأجر بتاعي لما اشتغل ساعات زيادة، وهل المعدل ده ثابت بالنهار والليل ولا بيختلف؟ (تركيز على مفهوم ""المعدل"" المستخدم في الحساب)"
1413	مين المسؤول عن تحديد أقل وأعلى قيمة للأجور اللي بيتخصم منها اشتراكات التأمين، وبيعملوا كده على أساس إيه؟
1063	قانون الشغل بيقول إيه عن عدد أيام الإجازة السنوية للناس اللي بتشتغل في شركات خاصة؟
1101	إيه عدد أيام الإجازات الطارئة اللي ممكن الموظف ياخدها في السنة، زي إجازة فرح أو عزاء؟
1056	بالبلدي كدة، لما الحكومة بتدينا إجازة في يوم معين زي يوم الجمعة، الإجازة دي بتدخل ضمن حساب أيام شغل الأسبوع ولا لأ؟ (تركيز على اللهجة العامية)
1479	إيه هيا المستندات الرسمية اللي المفروض أجهزها عشان أستحق المعاش؟ وهل فيه فترة انتظار بعد التقاعد لحد ما المعاش يبدأ؟ (تركز على المستندات اللازمة وفترة الانتظار)
1421	هل في فرق بين سن المعاش وبين سن إنهاء عقد العمل؟
1684	"يعني، فيه جزء من فلوسنا بيروح للمعاش و لا دي حاجة تانية؟ و لو فيه معاش، مين اللي بيستلمه لما نخلص شغل؟ (استخدام ""يعني"" للتوضيح، وتركيز على طبيعة الخصم ومن يستلم المعاش في النهاية)"
1363	"لو استلمت مبالغ زيادة سواء كانت مستحقات متأخرة أو قرض، وبعدين رجعوا مرتبى زي ما كان قبل كده، هل فيه إمكانية إنهم يقولوا إن ده ""إجراء اضطراري""؟"
1442	طيب، اللي بيشتغل في شركة خاصة، لما يعدي الستين، بياخد معاش منين؟ هل الشركة بتصرف له معاش خاص، ولا التأمين هو اللي بيتولى الموضوع ده؟
1855	طب لو الإدارة قررت متنزلش زيادة في المرتبات، ده يعتبر تجاوز للقانون ولا حقهم في اتخاذ القرارات؟
1097	الإجازة العارضة (زي فرح أو عزاء) كام يوم في السنة؟
1195	قوللي، في السنة كلها، كام يوم إجازة الحكومة بتدفع تمنهم؟
1417	طبقا للقانون الجديد، الواحد ممكن يطلع معاش من شغل القطاع الخاص على سن كام؟
1840	لما يقولوا زيادة المرتب 3% كل سنة، هل الزيادة دي بتنزل على المرتب اللي بستلمه شهرياً، ولا المرتب اللي بيعتبروه أساس لحساب التأمينات الاجتماعية؟
1249	العقد ده لازم يتضمن حاجات أساسية عشان يبقى معترف بيه، زي المرتب وكل التفاصيل اللي مينفعش ننساها؟ (تركيز على الاعتراف القانوني وأهمية التفاصيل)
1485	إيه الحقوق اللي بتدي لصاحب الشغل الحق إنه يفصل العامل؟ وهل لازم يستنى حكم المحكمة قبل ما ياخد القرار ده؟
1591	"""إيه المجالات اللي القانون بتاع سنة 2025، اللي بيحمي الستات الحوامل من التمييز، بيغطيها؟"""
1585	الشركة بتسمح بأقصى مجهود قد إيه للحوامل؟ و ده بيعتمد على عدد الموظفات، يعني لو فيه كام موظفة أو أكتر؟
1136	"قانونًا، الراجل يقدر ياخد كام إجازة بمناسبة ولادة طفل ليه طول مسيرته المهنية؟ (إضافة كلمة ""قانونًا"" للتأكيد على الجانب القانوني، واستخدام ""مسيرته المهنية"" بدلاً من ""حياته المهنية"")"
1682	"بصراحة كده، نسبة من مرتبنا بتروح فين بالظبط عشان المعاش؟ و بعد ما الواحد يوصل سن المعاش، مين اللي بيستفيد من الفلوس دي؟ (استخدام ""بصراحة كده"" لإضفاء طابع الجدية، وتركيز على الجهة المستفيدة)"
1220	ممكن تشرح لي الفرق بين نوعين عقود الشغل: عقد بمدة محددة وعقد مفتوح المدة؟
1696	أنا ما اديتش لنفسي فرصة العشر أيام اللي المفروض أفكر فيهم قبل الاستقالة. دلوقتي عايز أعرف، المدة القانونية اللي بتديني الحق أرجع في كلامي عن الاستقالة هي أد إيه؟ (هذه الصيغة تؤكد على أهمية فترة التفكير وتسأل عن الحق القانوني في الرجوع عن القرار)
1286	هو لازم المرتب يتصرف عن طريق البنك ولا ممكن الشركة تديني فلوسي كلها كاش من غير حساب؟
1244	هو العقد كده كده لازم يتكتب بالعربي، صح؟ طيب لو الشركة اللي بنتعامل معاها أجنبية، ممكن نكتبه بلغتهم ولا إيه النظام؟
1527	بالبلدي كده، لما الواحد ييجي ياخد تعويض، بيحسبوا له التعويض ده على كام سنة اشتغلها؟ وايه اللي خلى القانون ما يحددش المدة دي بشكل واضح؟ (تستخدم كلمات أكثر بساطة وعامية)
1661	لو الواحد مات وهو شغال، المستحقين ليه يأخذوا إيه؟
1339	مرتبي اللي فاضل ومخدتوش، بيروح عليا ولا بينزل مع مرتب السنة الجديدة؟
1791	"ايه هو أقل عمر مسموح بيه للشغل في مصر حسب القانون؟ (تستخدم كلمة ""مسموح"" و ""حسب القانون"" للتعبير عن الجانب القانوني بشكل أكثر رسمية)"
1070	لو أول سنة شغلك ليك فيها 15 يوم إجازة، فالسنة اللي وراها هتاخد كام يوم إجازة؟
1830	يا ترى القانون بيحدد زيادة سنوية للمرتبات بنسبة قد إيه؟
1061	كام عدد أيام الإجازة السنوية للعامل في القطاع الخاص؟
1647	لو موظف سنه فوق الستين، المفروض ياخد كام قرش لما يسيب الشغل؟ (يعني تعويض نهاية الخدمة)
1073	بعد كام سنة مع الشركة الإجازة السنوية بتوصل 30 يوم؟
1008	ينفع الشركة تطلب مني أشتغل فوق الـ 8 ساعات في اليوم الواحد؟ (تركيز على إمكانية الطلب من الشركة)
1875	أفهم من كده، لو فيه نزاعات في الشغل أو المرتبات اتأخرت، هل ده سبب كافي إننا نعمل إضراب من وجهة نظر القانون؟ القانون بينظم الإضرابات دي إزاي؟ (تركيز على النزاعات كسبب للإضراب وكيفية تنظيم القانون للإضرابات)
1667	التأمين الصحي: هل بيغطي علاج الأمراض اللي بتحصل في الشغل؟
1236	شغل الأونلاين والوظايف النص نص، الدولة معترفة بيهم ولا لأ؟ (هنا التركيز على اللغة العامية أكثر واستخدام مصطلحات شائعة)
1568	بعد الولادة مباشرةً، لو الموظفة رجعت لشغلها بسرعة، هل القانون بيضمن لها وظيفتها، وهل ده بيحصل في الشركات فعلًا؟
1603	هل فيه إلزام بتعيين دكتور خاص بالشغل أو دكتور متخصص جوة المصانع ولا لأ؟
1022	هل وقت الراحة اللي بناخده في الشغل، سواء للغدا أو غيره، بنعتبره من ضمن مدة الشغل اللي هي 8 ساعات؟
1347	"يعني لو عملت شيفت زيادة، بيحسبولي الساعة الإضافية بكام في المية من مرتبي الأصلي؟ ده بيختلف لو بالليل أو بالنهار؟ (تركيز على ""نسبة مئوية"" من الراتب الأصلي)"
1749	لو العامل شايف إن الشغل خطر على صحته أو حياته عشان مش متوفر له الحماية اللازمة، هل ده يعتبر سبب مشروع لرفضه الشغل؟
1231	"طب فرضنا العقد المؤقت خلص والراجل مِشيِش، العقد بيتقلب عقد دايم لوحده ولا لازم إجراء تاني؟ (استخدام كلمة ""فرضنا"" و ""الراجل مِمشيش"" و""دايم"" بدلا من ""مفتوح"")"
1254	هو ضروري إن العقد يتختم في مكان زي وزارة القوى العاملة ولا مش شرط؟
1124	بعد الولادة، الزوج المفروض يقعد كام يوم إجازة من شغله عشان يساعد مراته؟ (تركز على دور المساعدة بعد الولادة)
1463	إيه الفرق بين صرف المكافأة والتعويض؟
1530	بالبلدي كده، لما واحد يستقيل، محكمة القضاء الإداري بتطبق قانون إيه بالظبط؟ إيه القانون اللي بيحكم الاستقالة دي؟ (تعبير بسيط ومباشر)
1449	لما واحد يخلص شغله وياخد معاشه، وبعدين يلاقي شغل تاني بس مش متأمن عليه، إيه اللي بيترتب على كده؟
1714	ممكن تفهموني، التعويض ده بيعتمد على كام سنة الواحد قضاها في شغله؟ وإيه هي الشروط اللي بيحطوها عشان الواحد يستفيد بيه؟
1879	"هو القانون بتاع العمل بيخلي الشركات ملزمة إنها تعمل بيئة شغل صحية وسليمة، من ناحية حاجات زي الإضاءة والتهوية، ولا لأ؟ (تغيير في التركيب اللغوي واستخدام ""ولا لأ"" للتأكيد)"
1764	القانون فيه بنود بتنص على إيه بالظبط بخصوص أمان الشغل وكشف الصحة المنتظم على الناس اللي شغالة؟
1320	ينفع يتشال أكتر من 25% من الراتب؟
1206	لو نزلت شغل في إجازة رسمية، المفروض آخد يوم تاني أجازة بداله ولاّ فلوس زيادة على مرتبي؟ إيه حقي بالظبط؟ (تغيير كبير في التركيب وتقديم خيارات بديلة بشكل أوضح)
1712	معلش، عاوز أعرف التعويض بيتحسب بناءً على كام سنة شغل؟ ويا ترى فيه أي حاجة تانية لازم الواحد يكون عارفها؟
1786	حد تبع وزارة الصحة بينزل يعمل تفتيش مفاجئ على المستشفى اللي بنشتغل فيها، ولا لأ؟ (يضيف عنصر المفاجأة في التفتيش)
1434	إزاي طريقة حساب مكافأة نهاية الخدمة؟ يعني لو واحد اشتغل سنة ياخد نص شهر، وبعدها سنتين ياخد شهرين، الحسبة بتمشي إزاي بالظبط؟
1622	التفتيش على السلامة ده، القانون بيحدده بيحصل بانتظام؟ لو آه، بيحصل كل قد إيه تحديدا؟ (تأكيد على الانتظام والسؤال عن المدة المحددة)
1541	الست الحامل ساعات عملها اليومية بتقل ابتداءً من أي شهر في الحمل؟
1775	هل في لجنة سلامة في كل منشأة كبيرة؟ القانون طلب دا؟
1170	ينفع استبدل الإجازة المرضي بإجازة من رصيدي السنوي؟
1563	هل وقت الرضاعة للموظفات المرضعات بيعتبروه شغل رسمي وبيقبضوا عليه، ولا بيعتبروه حاجة زيادة مش بيتحاسبوا عليها؟
1487	يعني مينفعش يفصله كده من غير سبب؟ القانون حظر الفصل التعسفي؟
1676	في حالة إن حد اتعور عورة كبيرة في الشغل، مين المفروض يدفع له قيمة العلاج والتعويض؟
1132	"يعني الست اللي شغالة بتاخد كام شهر ""أمومة"" بعد ما تخلف؟"
1129	لما واحدة ست بتشتغل تخلف، بتاخد كام شهر راحة من الشغل عشان البيبي؟
1546	الحامل المفروض تبدأ تاخد بالها وتقلل مجهودها اليومي، وتقليل عدد ساعات الشغل ده بيبدأ من أول شهر كام في الحمل؟
1071	الموظف الجديد بياخد 15 يوم إجازة في أول سنة. بعد كده، لما يبقى في السنة التانية، عدد أيام الإجازة بيتغير وبيبقى كام؟
1498	"لو الاستقالة دي كانت نتيجة إجبار أو تهديد، هل فيه أي طريقة إني ألغيها؟ ولا القانون شايف إنها كده استقالة صحيحة ومينفعش الواحد يرجع فيها؟ (تستخدم ""إجبار أو تهديد"" بدلاً من ""ضغوط"" وتسأل عن وجود ""طريقة للإلغاء"")"
1088	بالنسبة للإجازة السنوية، هل في فرق بين اللي عنده إعاقة وبين أي موظف تاني؟ ولو فيه، الفرق ده كام يوم؟
1843	"معنى إن الحد الأدنى بقى أعلى بست آلاف وسبع آلاف جنيه، إن المفروض المرتبات تزيد، فليه الشركات دي لسه مدبسة الدنيا زي ما هي؟ (استخدام ""مدبسة الدنيا"" لوصف عدم التغيير بشكل ساخر)"
1785	فيه فريق طبي تابع لجهة حكومية بيفتش على المستشفى عشان يطمنوا على صحة المكان؟ (يضيف تفصيلاً عن الفريق الطبي وجهة التفتيش)
1247	العقد بيكون فيه عناصر قانونية معينة؟ مثل ذكر الراتب وكل التفاصيل الأساسية؟
1060	فيه أيام الدولة بتديها لينا إجازة، زي يوم الجمعة. يا ترى، الإجازات دي بتعتبر جزء من أيام الشغل الأسبوعية ولاّ لا تدخل في حساب الأسبوع أصلاً؟ (تركيز على البساطة والوضوح)
1246	يعني مينفعش نكتب العقد غير بالعربي؟ طب لو شركة أجنبية بتشاركنا، لازم برضو نلزّمهم بالعربي ولا ممكن نكتبه بلغتهم وخلاص؟
1315	فيه حدود أد إيه للخصومات اللي ممكن تتسحب من مرتبي كل شهر؟ بتكلم على السلف والمدفوعات والكلام ده.
1372	"الـ 25% اللي بيتخصموا من الضرايب والتأمين دول، ممكن يبقوا أكتر من كده؟ ولا خلاص، دي النهاية؟ (يسأل بأسلوب مباشر وبسيط، مع التركيز على كلمة ""النهاية"" للتأكيد على الحد الأقصى)"
1732	بصراحة كده، هل القانون بيجبر صاحب العمل إنه يوفر للعاملين عنده كل وسائل الحماية والأمان اللازمة؟ وإيه هي بنود القانون في الموضوع ده؟
1020	هل وقت الفسح، زي أكل العيش أو البريك، جزء من الـ 8 ساعات شغل الرسميين؟
1501	"ليه بنلاقي مصطلحات زي ""استقالة"" و ""إنهاء خدمة"" موجودة، وإيه اللي بيخلي فيه منهم حاجات ماشية بالقانون وحاجات تانية بتبقى بمزاج الموظف نفسه؟ (هذا السؤال يركز على سبب وجود المصطلحات المختلفة، ويوضح أن بعضها يعتمد على القانون بينما البعض الآخر يعتمد على رغبة الموظف.)"
1332	إيه موقف القانون لو المرتب اتأخر عن ميعاده كام يوم من صاحب الشغل؟
1614	يعني القانون بيفرض حد أدنى من إجراءات السلامة والأمان؟ زي مثلًا لبس معين أو خوذة لازم الشركة توفرها؟
1001	كام عدد ساعات العمل القانونية في اليوم؟
1544	ابتداءً من شهر كام، الشغل اليومي بتاع الحامل المفروض يقل؟
1553	الست المرضعة يحق لها قانونًا العمل نص يوم كام قرارات رضاعة في اليوم؟
1166	تمام، احنا عارفين إن أول تلات شهور في الإجازة المرضية بناخد قبضنا كامل، طب بالنسبة لباقي المدة، المرتب بيتقسم ولا بيتحسب ازاي؟
1383	لو الشركة طلبت مني أدفع تمن العدة أو لبس الشغل عن طريق الخصم من المرتب، إيه الحقوق بتاعتي وإيه المبلغ اللي المفروض أرفض إنه يتخصم؟ (تركيز على الحقوق والمبلغ المرفوض)
1898	"هو القانون الجديد بيضمن إن الست تاخد زي الراجل بالملي لو بيشتغلوا نفس الشغل؟ ولا فيه لسه لعب؟ (إضافة عنصر الشك والتحقق وكلمة ""بالملي"" للتأكيد)"
1881	"هو القانون بيأمر الشركات بتوفير بيئة عمل كويسة للعاملين، فيها إضاءة كافية وتهوية سليمة، ولا الموضوع ده مش إجباري في القانون؟ (تبسيط اللغة والتركيز على ""إجباري"" أو ""غير إجباري"")"
1810	لما القانون بيمنع تشغيل الصغيرين بالليل وفي الشغل الخطر، إيه الكلام القانوني اللي بيحكم الموضوع ده بالتحديد؟
1723	"بعد قانون العمل الجديد، لو الشركة مشيتني، أعمل إيه بالظبط؟ وهل فيه حاجة بتمنعني أروح محكمة العمل على طول ولا القانون سابها مفتوحة؟ (تستخدم كلمات أبسط مثل ""مشيتني"" و ""سابها مفتوحة""، وتركز على وجود مانع قانوني)"
1906	لما حقوق العامل تتهدر في مكان شغله، المفروض يتوجه بشكواه فين؟ لوزارة العمل ولا المحكمة المختصة؟
1306	معلش، ممكن توضيح بسيط؟ الزيادة السنوية اللي بنسمع عنها، الـ 3% دي، محسوبة على الراتب الأساسي اللي بيطلع بيه الرقم بتاع التأمين، ولا على الراتب التاني اللي بنستلمه في إيدينا؟ (تركيز على التوضيح والتبسيط مع إشارة إلى الاستلام الفعلي)
1641	"هل فيه نص في القانون بيقول إن صاحب العمل لازم يعمل زي كشف جنائي على اللي بيشتغلوا عنده، وده بهدف إنه يضمن بيئة عمل آمنة؟ (تغيير في الكلمات والتعبير عن ""الفحص"" بـ ""كشف جنائي"" مع التركيز على ضمان بيئة عمل آمنة)."
1109	لو موظف ماسك امتحانات جامعية، بياخد كام يوم إجازة دراسة؟
1520	هل لو كسبت تعويض في المحكمة، ممكن المبلغ اللي هيتدفع لي يكون أقل من اللي كنت متوقعه، عشان القانون فيه سقف معين للتعويض؟
1183	اللي رايح يعمل حج أو عمرة، إجازته بتكون قد إيه بالظبط؟ ويا ترى الإجازة دي حق لمين بالظبط؟ (تغيير في طريقة التعبير عن الغرض والتركيز على الشخص المسافر)
